airline_id,name,iata,icao,country_id,is_active
1,Private flight,-,N/A,,1
10,40-Mile Air,Q5,MLA,United States,1
100,Aerocon,,AEK,Bolivia,0
1000,AeroSucre,,KRE,Colombia,0
1001,Air Kokshetau,,KRT,Kazakhstan,0
1002,Air Kissari,,KSI,Angola,0
1003,Aeronavigaciya,,KTN,Ukraine,0
1004,Alliance Avia,,KVR,Kazakhstan,0
1005,Av Atlantic,,KYC,United States,0
1006,Air Astana,KC,KZR,Kazakhstan,1
10069,City-Air Germany,,CIP,Germany,0
1007,Aerovias De Lagos,,LAG,Mexico,0
1008,Albanian Airlines,LV,LBC,Albania,1
1009,Albisa,,LBI,Mexico,0
10094,Voronezhskie Airlanes,DN,,Russia,0
101,Aero Madrid,,AEM,Spain,0
1010,Albatros Airways,,LBW,Albania,0
1011,Aerolineas Aereas Ejecutivas De Durango,,LDG,Mexico,0
10114,Line Blue,L8,LBL,Germany,1
10117,FlyLAL Charters,,LLC,Lithuania,1
10118,Blue Sky America,BU,BKY,United States,0
10119,Texas Spirit,XS,TXP,United States,0
1012,Aerologic,,LDL,Russia,0
10121,Illinois Airways,IL,ILW,United States,0
10122,Salzburg arrows,SZ,,Austria,1
10123,Texas Wings,TQ,TXW,United States,1
10124,California Western,KT,CWS,United States,0
10128,Dennis Sky,DH,DSY,Israel,1
1013,Al-Donas Airlines,,LDN,Nigeria,0
1014,Aero Lider,,LDR,Mexico,0
1015,Aleem,,LEM,Egypt,0
1016,Aerolineas Ejecutivas,,LET,Mexico,0
1017,Air Alfa,,LFA,Turkey,1
1018,Aero Control Air,,LFC,Canada,0
1019,Aerolaguna,,LGN,Mexico,0
102,Aeroenlaces Nacionales,,AEN,Mexico,0
1020,Al Ahram Aviation,,LHR,Egypt,0
1021,Alidaunia,D4,LID,Italy,0
1022,Al-Dawood Air,,LIE,Nigeria,0
10224,Zz,ZZ,,Belgium,1
10226,Atifly,A1,A1F,United States,1
1023,American Aviation,,LKP,United States,0
1024,Airlink Solutions,,LKS,Spain,0
1025,Air Solutions,,LKY,United States,0
1026,Alliance Air,CD,LLR,India,0
1027,Aerolima,,LMA,Mexico,0
1028,Alamia Air,,LML,Libya,0
1029,Air Plus Argentina,,LMP,Argentina,0
103,Aeroservicios Ejecutivos Del Occidente,,AEO,Mexico,0
1030,Almaty Aviation,,LMT,Kazakhstan,0
1031,Aerolineas Mexicanas J S,,LMX,Mexico,0
10318,Air UK,UK,,United Kingdom,0
1032,Air Almaty,,LMY,Kazakhstan,0
1033,Air Almaty ZK,,LMZ,Kazakhstan,0
10334,Suckling Airways,CB,,United Kingdom,0
1034,Aerolane,XL,LNE,Ecuador,1
1035,Airlink,,LNK,South Africa,0
1036,Aerolineas Internacionales,,LNT,Mexico,0
10367,Reno Sky,RY,,United States,0
1037,Alok Air,,LOK,Sudan,0
10371,Aerolineas heredas santa maria,,SZB,Dominican Republic,1
10372,Ciao Air,99,,Italy,1
1038,Air Saint Louis,,LOU,Senegal,0
1039,Alpine Aviation,,LPC,South Africa,0
104,Aerotec,,AEP,Spain,0
1040,Air Alps Aviation,A6,LPV,Austria,0
1041,Alrosa-Avia,,LRO,Russia,0
1042,Al Rida Airways,,LRW,Mauritania,0
1043,Aurela,,LSK,Lithuania,0
1044,Aerobusinessservice,,LSM,Russia,0
1045,Alsair,,LSR,France,0
1046,Aerotaxis Latinoamericanos,,LTI,Mexico,0
1047,Alninati Aeronautics,,LUC,Switzerland,0
1048,Atlantis European Airways,TD,LUR,Armenia,1
1049,Aliven,,LVN,Italy,0
105,Air Atlantique,KI,AAG,United Kingdom,0
1050,Aviavilsa,,LVR,Lithuania,0
1051,Air Luxor GB,L8,LXG,Guinea-Bissau,0
1052,Air Luxor,LK,LXR,Portugal,1
1053,Apatas Air,,LYT,Lithuania,0
1054,Air Ban,,LZP,Bulgaria,0
1055,Air Lazur,,LZR,Bulgaria,0
1056,Aerodromo De La Mancha,,MAM,Spain,0
1057,Air Mauritius,MK,MAU,Mauritius,1
1058,Avag Air,,MBA,Austria,0
1059,Air Manas,,MBB,Kyrgyzstan,0
106,Air Europe,PE,AEL,Italy,1
1060,Airjet Exploracao Aerea De Carga,,MBC,Angola,0
1061,Aeriantur-M,,MBV,Moldova,0
1062,Air Mercia,,MCB,United Kingdom,0
1063,Air Medical,,MCD,United Kingdom,0
1064,Aerolineas Marcos,,MCO,Mexico,0
10642,Jc royal.britannica,,JRB,United Kingdom,1
10646,Birmingham European,VB,,United Kingdom,0
1065,Atlantic Aero and Mid-Atlantic Freight,,MDC,United States,0
10650,Pal airlines,5P,,Chile,1
1066,Air Madagascar,MD,MDG,Madagascar,1
1067,Aerosud Charter,,MDX,South Africa,0
10673,CanXpress,C1,CA1,Canada,1
10674,Danube Wings (V5),V5,,Slovakia,1
10675,Sharp Airlines,SH,SHA,Australia,1
1068,Air Meridan,,MEF,Nigeria,0
10683,CanXplorer,C2,CAP,Canada,1
1069,Aero McFly,,MFL,Mexico,0
107,Air Alma,,AAJ,Canada,0
1070,Asia Pacific Airlines,,MGE,United States,0
1071,Aeromagar,,MGS,Mexico,0
10715,Click (Mexicana),QA,,Mexico,1
1072,Aero Premier De Mexico,,MIE,Mexico,0
1073,Air Moldova,9U,MLD,Moldova,1
10735,World Experience Airline,W1,WE1,Canada,1
10737,ALAK,J4,,Russia,1
10738,AJT Air International,E9,,Russia,0
10739,Air Choice One,3E,,United States,1
1074,Amal Airlines,,MLF,Djibouti,0
10740,Tianjin Airlines,,GCR,China,1
10741,China United,KN,,China,1
10748,Locair,ZQ,LOC,United States,1
1075,Air Mali,,MLI,Mali,0
10758,Safi Airlines,4Q,,Afghanistan,1
1076,Air Madeleine,,MLN,Canada,0
10765,SeaPort Airlines,K5,SQH,United States,1
1077,Aermarche,,MMC,Italy,0
10776,Salmon Air,S6,,United States,1
1078,Air Alsie,,MMD,Denmark,0
1079,Aviation Company Meridian,,MMM,Russia,0
10796,Fly Illi,IL,ILY,United States,0
10798,Bobb Air Freight,01,,Germany,1
108,Air Express,,AEQ,Sweden,0
1080,AMP Incorporated,,MMP,United States,0
10800,Star1 Airlines,V9,HCW,Lithuania,1
1081,Airmax,,MMX,Peru,0
1082,Aerolineas Amanecer,,MNE,Mexico,0
1083,Aero Mongolia,M0,MNG,Mongolia,0
1084,Air Monarch Cargo,,MOC,Mexico,0
10845,Pelita,6D,,Indonesia,1
1085,Aeropublicitaria De Angola,,MOP,Angola,0
1086,Aerolineas De Morelia,,MOR,Mexico,0
1087,Air Plus Comet,A7,MPD,Spain,1
1088,Aeromexpress,QO,MPX,Mexico,0
1089,Air ITM,,MQT,France,0
109,Alaska Central Express,KO,AER,United States,1
1090,Aeromorelos,,MRL,Mexico,0
10902,Alpi Eagles (E8),E8,,Italy,0
1091,Aerocharter,,MRM,Canada,0
10912,Alaska Seaplane Service,J5,,United States,1
1092,Abas,,MRP,Czech Republic,0
10929,TAN,T8,,Argentina,0
1093,Air Mauritanie,MR,MRT,Mauritania,0
1094,Air Cairo,,MSC,Egypt,0
10945,Enerjet,,ENJ,Canada,1
1095,Air Sport,,MSK,Bulgaria,0
10955,MexicanaLink,I6,MXI,Mexico,1
1096,Aeromas,,MSM,Uruguay,0
10960,Island Spirit,IP,ISX,Iceland,1
10969,TACA Peru,T0,,Peru,1
1097,Aerol,,MSO,Mexico,0
1098,Aero-Kamov,,MSV,Russia,0
1099,Aerotaxis Metropolitanos,,MTB,Mexico,0
11,4D Air,,QRT,Thailand,0
110,ACES Colombia,,AES,Colombia,1
1100,Aeromet Linea Aerea,,MTE,Chile,0
1101,Air Metack,,MTK,Angola,0
1102,Air Montegomery,,MTY,United Kingdom,0
1103,Aerotaxi Mexicano,,MXO,Mexico,0
1104,Aero Yaqui Mayo,,MYS,Mexico,0
1105,AVC Airlines,,MZK,Japan,0
1106,Aerovias Montes Azules,,MZL,Mexico,0
1107,Aeroland Airways,3S,,Greece,0
1109,Astair,8D,,Russian Federation,1
111,Aeronautical Radio of Thailand,,AET,Thailand,0
1110,Albarka Air,F4,NBK,Nigeria,0
1111,ACA-Ancargo Air Sociedade de Transporte de Carga Lda,,NCL,Angola,0
1112,Aero Servicios de Nuevo Laredo,,NEL,Mexico,0
1113,Angoavia,,NGV,Angola,0
1114,Aeroni,,NID,Mexico,0
1115,Aeroejecutiva Nieto,,NIE,Mexico,0
1116,Aero Contractors,AJ,NIG,Nigeria,1
1117,Aerokuzbass,,NKZ,Russia,0
1118,Atlantic Airlines,,NPT,United Kingdom,0
1119,Atlantic Richfield Company,,NRS,United States,0
112,Astraeus,5W,AEU,United Kingdom,1
1120,Aerolineas Sosa,,NSO,Honduras,0
1121,Aero Norte,,NTD,Mexico,0
1122,Air Inter Ivoire,,NTV,Ivory Coast,0
1123,Aeroservicios De Nuevo Leon,,NUL,Mexico,0
1124,Avial NV Aviation Company,,NVI,Russia,0
1125,Airwing,,NWG,Norway,0
1126,Air Next,,NXA,Japan,0
1127,Arkhangelsk 2 Aviation Division,,OAO,Russia,0
1128,Aerogisa,,OGI,Mexico,0
1129,Aerolineas Olve,,OLV,Mexico,0
113,Aeroventas,,AEV,Mexico,0
1130,Aeromega,,OMG,United Kingdom,0
1131,Air One Nine,,ONR,Libya,0
1132,Air Ontario,,ONT,Canada,0
1133,Aerocorp,,ORP,Mexico,0
1134,Action Air,,ORS,Italy,0
1135,Aerosan,,OSN,Mexico,0
1136,Aviapartner Limited Company,,OSO,Russia,0
1137,Aliparma,,PAJ,Italy,0
1138,Air Parabet,,PBT,Bangladesh,0
1139,Air Burundi,8Y,PBU,Burundi,0
114,Aerosvit Airlines,VV,AEW,Ukraine,1
1140,Aeropostal Cargo de Mexico,,PCG,Mexico,0
1141,Air Pack Express,,PCK,Spain,0
1142,Air Palace,,PCS,Mexico,0
1143,Aeropelican Air Services,OT,PEL,Australia,1
1144,Aerolineas Chihuahua,,PFI,Mexico,0
1145,Air Cargo Express International,,PFT,United States,0
1146,Al Farana Airline,,PHR,Egypt,0
1147,Ave.com,,PHW,United Arab Emirates,0
1148,Air South West,,PIE,United Kingdom,0
1149,Aeroservicios California Pacifico,,PIF,Mexico,0
115,Airway Express,,AEX,United States,0
1150,AST Pakistan Airways,,PKA,Pakistan,0
1151,Aero Personal,,PNL,Mexico,0
1152,Aero Servicios Platinum,,PNU,Mexico,0
1153,Apoyo Aereo,,POY,Mexico,0
1154,Aerotransportes Privados,,PRI,Mexico,0
1155,Atlantic Coast Jet,,PRT,United States,0
1156,Air Paradise International,AD,PRZ,Indonesia,0
1157,Aeroservicio Sipse,,PSE,Mexico,0
1158,Aeroservicios Corporativos De San Luis,,PSL,Mexico,0
1159,Aerotransportes Privados,,PVA,Mexico,0
116,Air Italy,I9,AEY,Italy,1
1160,Aereo Taxi Paraza,,PZA,Mexico,0
1161,Air Class Lineas Aereas,QD,QCL,Uruguay,0
1162,Aviation Consultancy Office,,QEA,Australia,0
1163,Aero Taxi,,QAT,Canada,0
1164,Aero Taxi Aviation,,QKC,United States,0
1165,Aviation Quebec Labrador,,QLA,Canada,0
1166,African Safari Airways,QS,QSC,Kenya,0
1167,Aero Quimmco,,QUI,Mexico,0
1168,Alada,,RAD,Angola,0
1169,Aerotur-Air,,RAI,Kazakhstan,0
117,Aerial Transit Company,,AEZ,United States,0
1170,Air Center Helicopters,,RAP,United States,0
11700,Orbest,,OBS,Portugal,1
1171,Aur Rum Benin,,RBE,Benin,0
11719,Southern Air Charter,,SOA,Bahamas,1
1172,Aeroserivios Del Bajio,,RBJ,Mexico,0
11724,SVG Air,,SVG,Saint Vincent and the Grenadines,1
11726,Air Century,,CEY,Dominican Republic,1
1173,Airbus France,4Y,RBU,France,0
11731,Pan Am World Airways Dominicana,7Q,,Dominican Republic,1
11732,Primera Air,PF,,Iceland,1
1174,Air Roberval,,RBV,Canada,0
11741,Air Antilles Express,3S,,Guadeloupe,1
1175,Arubaexel,,RBX,Aruba,0
11751,Sol Lineas Aereas,,OLS,Argentina,1
11755,Regional Paraguaya,P7,REP,Paraguay,1
1176,Air Charters Eelde,,RCC,Netherlands,0
11761,VIP Ecuador,V6,,Ecuador,1
11762,Transportes Aereos Cielos Andinos,,NDN,Peru,1
11763,Peruvian Airlines,P9,,Peru,1
11765,EasyFly,,EFY,Colombia,1
11767,Polar Airlines,ЯП,,Russia,1
1177,Aerocer,,RCE,Mexico,0
1178,Aeroflot-Cargo,,RCF,Russia,0
1179,Air Mobility Command,MC,RCH,United States,0
11794,Catovair,OC,,Mauritius,1
11795,Andalus Lineas Aereas,,ANU,Spain,1
11798,Air 26,,DCD,Angola,1
118,Alfa Air,,AFA,Czech Republic,0
1180,Air Cassai,,RCI,Angola,0
11800,Mauritania Airways,,MTW,Mauritania,1
11802,CEIBA Intercontinental,,CEL,Equatorial Guinea,1
11804,Halcyonair,7Z,,Cape Verde,1
11805,Business Aviation,4P,,Congo (Kinshasa),1
11806,Compagnie Africaine d\\'Aviation,E9,,Congo (Kinshasa),1
11808,Zambia Skyways,K8,,Zambia,1
1181,Aero Renta De Coahuila,,RCO,Mexico,0
11811,AlMasria Universal Airlines,UJ,LMU,Egypt,1
11813,EgyptAir Express,,MSE,Egypt,1
11814,SmartLynx Airlines,6Y,,Latvia,1
11815,Air Italy Egypt,,EUD,Egypt,1
11816,KoralBlue Airlines,K7,KBR,Egypt,1
1182,Aerocorp,,RCP,Mexico,0
11820,Wind Rose Aviation,,WRC,Ukraine,1
11823,Elysian Airlines,E4,GIE,Cameroon,1
1183,Aerolineas Regionales,,RCQ,Mexico,0
11833,Sevenair,,SEN,Tunisia,1
11834,Hellenic Imperial Airways,HT,IMP,Greece,1
11836,Amsterdam Airlines,WD,AAN,Netherlands,1
11838,Arik Niger,Q9,NAK,Niger,1
11839,Dana Air,DA,,Nigeria,1
1184,Atlantic S.L.,,RCU,Spain,0
11840,STP Airways,8F,STP,Sao Tome and Principe,1
11843,Med Airways,7Y,,Lebanon,1
1185,Air Service Center,,RCX,Italy,0
11850,Skyjet Airlines,UQ,SJU,Uganda,1
11855,Air Volga,G6,,Russia,1
11856,Transavia Denmark,,TDK,Denmark,1
11857,Royal Falcon,RL,RFJ,Jordan,1
1186,Adygeya Airlines,,RDD,Russia,0
1187,Air Ada,,RDM,Mauritania,0
11873,Euroline,4L,MJX,Georgia,1
1188,Aer Arann,RE,REA,Ireland,1
1189,Aero-Rent,,REN,Mexico,0
119,American Falcon,WK,AFB,Argentina,0
1190,Australian Maritime Safety Authority,,RES,Australia,0
1191,Air Austral,UU,REU,France,1
1192,Aero-Rey,,REY,Mexico,0
11922,Worldways,WG,WGC,Canada,0
1193,Aero Africa,,RFC,Swaziland,0
1194,Aerotransportes Rafilher,,RFD,Mexico,0
11943,Turkuaz Airlines,,TRK,Turkey,1
11947,Athens Airways,ZF,,Greece,1
11948,Viking Hellas,VQ,VKH,Greece,1
11949,Norlandair,,FNA,Iceland,1
1195,Argo,,RGO,Dominican Republic,0
11950,Flugfelag Vestmannaeyja,,FVM,Iceland,1
1196,Airbourne School of Flying,,RGT,United Kingdom,0
11963,Starline.kz,DZ,,Kazakhstan,1
1197,Air Archipels,,RHL,France,0
1198,Aviation Ministry of the Interior of the Russian Federation,,RIF,Russian Federation,0
1199,Aeris Gestion,,RIS,Spain,0
11995,Euro Harmony,EH,EHM,Portugal,0
12,611897 Alberta Limited,,THD,Canada,0
120,Alliance Airlines,QQ,UTY,Australia,1
1200,Asian Spirit,6K,RIT,Philippines,1
1201,Aeroservicios Jet,,RJS,Mexico,0
1202,Air Afrique,RK,RKA,Ivory Coast,1
1203,Airlinair,A5,RLA,France,1
1204,Air Nelson,,RLK,New Zealand,0
1205,Air Leone,,RLL,Sierra Leone,0
1206,Aero Lanka,QL,RLN,Sri Lanka,1
1207,Air Alize,,RLZ,France,0
1208,Air Amder,,RMD,Mauritania,0
1209,Armenian Airlines,,RME,Armenia,0
121,Air Universal,,UVS,Sierra Leone,0
1210,Armenian International Airways,MV,RML,Armenia,0
1211,Arm-Aero,,RMO,Armenia,0
1212,Air Max,,RMX,Bulgaria,0
1213,Air Salone,20,RNE,Sierra Leone,1
1214,Aeronem Air Cargo,,RNM,Ecuador,0
1215,Air Cargo Masters,,RNR,United States,0
1216,Armavia,U8,RNV,Armenia,1
1217,Aeroeste,,ROE,Bolivia,0
1218,Aero Gen,,ROH,Mexico,0
1219,Avior Airlines,,ROI,Venezuela,0
122,Auvia Air,,UVT,Indonesia,0
1220,Aeroel Airways,,ROL,Israel,0
1221,Aeromar,BQ,ROM,Dominican Republic,0
1222,Aeroitalia,,ROO,Italy,0
1223,Aerodan,,ROD,Mexico,0
1224,AeroRep,P5,RPB,Colombia,1
1225,Aerolineas Del Pacifico,,RPC,Ecuador,0
1226,Aero Roca,,RRC,Mexico,0
1227,Aerotransportes Internacionales De Torreon,,RRE,Mexico,0
1228,Acvila Air-Romanian Carrier,,RRM,Romania,0
1229,Aerolineas Ejecutivas Tarascas,,RSC,Mexico,0
123,African West Air,,AFC,Senegal,0
1230,Aero-Service,BF,RSR,Republic of the Congo,1
1231,Aerosur,5L,RSU,Bolivia,1
1232,Aeronorte,,RTE,Portugal,1
1233,Artis,,RTH,France,0
1234,Arhabaev Tourism Airlines,,RTO,Kazakhstan,0
1235,Air Turquoise,,RTQ,France,0
1236,Aerotucan,,RTU,Mexico,0
1237,Air Anastasia,,RUD,Ukraine,0
1238,Air Rum,,RUM,Sierra Leone,0
1239,ACT Havayollari,,RUN,Turkey,0
124,Airfast Indonesia,,AFE,Indonesia,0
1240,Air VIP,,RVP,Portugal,0
1241,Aircompany Veteran,,RVT,Armenia,0
1242,Alliance Express Rwanda,,RWB,Rwanda,0
1243,Arrow Ecuador Arrowec,,RWC,Ecuador,0
1244,Aerogroup 98 Limited,,RWY,United Kingdom,0
1245,Aeroxtra,,RXT,Mexico,0
1246,Express Air Charter,,RXX,Canada,0
1247,Air Whitsunday,,RWS,Australia,0
1248,Aero Zambia,,RZL,Zambia,0
1249,Aero Zano,,RZN,Mexico,0
125,Ariana Afghan Airlines,FG,AFG,Afghanistan,1
1250,Anoka Air Charter,,RZZ,United States,0
1251,Aerosaab,,SBH,Mexico,0
1252,Associated Aviation,,SCD,Nigeria,0
1253,American Jet International,,SCM,United States,0
1254,Air Santo Domingo,EX,SDO,Dominican Republic,0
1255,Aero Sudpacifico,,SDP,Mexico,0
1256,Aero Servicios Ejecutivas Del Pacifico,,SEF,Mexico,0
1257,Aero California,JR,SER,Mexico,0
1258,A-Safar Air Services,,SFM,Nigeria,0
1259,Aerosegovia,,SGV,Nicaragua,0
126,Air Fecteau,,AFH,Canada,0
1260,Airshare Holdings,,SHH,United Kingdom,0
1261,Aerosiyusa,,SIY,Mexico,0
1262,Aero Silza,,SIZ,Mexico,0
1263,Air San Juan,,SJN,United States,0
1264,Aero-North Aviation Services,,SKP,Canada,0
1265,Aero Sami,,SMI,Mexico,0
1266,Avient Aviation,Z3,SMJ,Zimbabwe,1
1267,Aerolineas Sol,,SOD,Mexico,0
1268,Air Soleil,,SOE,Mauritania,0
1269,Aero Soga,,SOG,Guinea-Bissau,0
127,Africaone,,AFI,Uganda,0
1270,Airspeed Aviation,,SPD,Canada,0
1271,Air Service,M3,SPJ,Macedonia,0
1272,Aeroservicios Ejecutivos Del Pacifico,,SPO,Mexico,0
1273,Asian Aerospace Service,,SPY,Thailand,0
1274,Airworld,,SPZ,South Africa,0
1275,Alsaqer Aviation,,SQR,Libya,0
1276,Air Safaris and Services,,SRI,New Zealand,0
1277,Aero Servicio Corporativo,,SRV,Mexico,0
1278,Air Sultan,,SSL,Sierra Leone,0
1279,Aero 1 Pro-Jet,,SSM,Canada,0
128,Alliance,,AFJ,Uganda,0
1280,Airquarius Air Charter,,SSN,South Africa,0
1281,Aeropac,,STK,United States,0
1282,Air St. Thomas,,STT,United States,0
1283,Aerolineas Del Sureste,,SUE,Mexico,0
1284,Aerial Surveys (1980) Limited,,SUY,New Zealand,0
1285,Air Slovakia,GM,SVK,Slovakia,0
1286,Adler Aviation,,SWH,Canada,0
1287,Aircompany Yakutia,R3,SYL,Russia,1
1288,Aerosud Aviation,,SYT,South Africa,0
1289,Aeroservicios de La Costa,,TAA,Mexico,0
129,Africa Air Links,,AFK,Sierra Leone,0
1290,Aeromar,VW,TAO,Mexico,1
1291,Aerotrebol,,TBL,Mexico,0
1292,Aero Taxi de Los Cabos,,TBO,Mexico,0
1293,Air Turks and Caicos,JY,TCI,Turks and Caicos Islands,0
1294,Aerotranscolombina de Carga,,TCO,Colombia,0
1295,Air Cargo Express,,TDG,United States,0
1296,Atlas Helicopters,,TDT,United Kingdom,0
12960,Lugansk Airlines,L7,,Ukraine,1
12961,Gryphon Airlines,6P,,United States,1
12962,Gadair European Airlines,GP,GDR,Spain,1
12965,Spirit of Manila Airlines,SM,MNP,Philippines,1
1297,Air Today,,TDY,United States,0
12975,Chongqing Airlines,OQ,CQN,China,1
12976,Grand China Air,,GDC,China,1
12978,West Air China,PN,CHB,China,1
1298,Aero Servicios Azteca,,TED,Mexico,0
1299,Arkefly,OR,TFL,Netherlands,1
12990,Falcon Air (IH),IH,,Sweden,0
12997,QatXpress,C3,QAX,Qatar,1
13,Ansett Australia,AN,AAA,Australia,1
130,Aeroflot Russian Airlines,SU,AFL,Russia,1
1300,Antair,,TIR,Mexico,0
1301,Atlantique Air Assistance,,TLB,France,0
1302,Aero Taxi Autlan,,TLD,Mexico,0
1303,Aero Util,,TLE,Mexico,0
1304,Aero Toluca Internactional,,TLU,Mexico,0
1305,Aero Taxi del Centro de Mexico,,TME,Mexico,0
1306,Aerotropical,,TOC,Mexico,0
1307,Air Tomisko,,TOH,Serbia,0
13076,OneChina,1C,1CH,China,1
1308,Airlines PNG,CG,TOK,Papua New Guinea,1
13088,NordStar Airlines,Y7,,Russia,1
13089,Joy Air,JR,JOY,China,1
1309,Aero Tanala,,TON,Mexico,0
131,Aero Empresa Mexicana,,AFO,Mexico,0
1310,Aero Tropical,,TPB,Angola,0
13105,Air India Regional,CD,,India,1
13106,MDLR Airlines,9H,,India,1
13107,Jagson Airlines,,JGN,India,1
13108,Maldivian,Q2,,Maldives,1
1311,Air Cal,TY,TPC,France,0
1312,Air Horizon,,TPK,Chad,0
1313,Aero Taxi del Potosi,,TPO,Mexico,0
13130,Xpressair,XN,,Indonesia,1
1314,Aeroturquesa,,TQS,Mexico,0
1315,Airmark Aviation,,TRH,United States,0
1316,AirTran Airways,FL,TRS,United States,1
1317,Air Transat,TS,TSC,Canada,1
13178,Strategic Airlines,VC,,Australia,1
1318,airtransse,,TSQ,Japan,0
13181,Fars Air Qeshm,,QFZ,Iran,1
13187,Eastok Avia,,EAA,Kyrgyzstan,1
13188,Jupiter Airlines,,JPU,United Arab Emirates,1
13189,Vision Air International,,VIS,Pakistan,1
1319,Aerolineas Turisticas del Caribe,,TTB,Mexico,0
13190,Al-Naser Airlines,NA,,Iraq,1
132,Air Bosna,JA,BON,Bosnia and Herzegovina,1
1320,Avcenter,,TTE,United States,0
13200,Fuji Dream Airlines,JH,,Japan,1
13202,Korea Express Air,,KEA,South Korea,1
13209,Eznis Airways,,EZA,Mongolia,1
1321,Air Tungaru,,TUN,Kiribati,0
13211,Pacific Flier,,PFL,Palau,1
13217,Syrian Pearl Airlines,,PSB,Syria,1
13218,SGA Airlines,5E,,Thailand,1
1322,Avialeasing Aviation Company,EC,TWN,Uzbekistan,1
1323,Aerotaxis del Noroeste,,TXD,Mexico,0
1324,Aerotaxis Alfe,,TXF,Mexico,0
13242,Air2there,F8,,New Zealand,1
1325,Aereotaxis,,TXI,Mexico,0
13254,Avianova (Russia),AO,,Russia,1
1326,Tyrolean Airways,VO,TYR,Austria,1
1327,Aero Tomza,,TZA,Mexico,0
1328,Air Zambezi,,TZT,Zimbabwe,0
1329,Afra Airlines,,UAG,Ghana,0
133,Air Bravo,,BRF,Uganda,0
1330,Aerostar Airlines,,UAR,Ukraine,0
13303,Parmiss Airlines (IPV),PA,IPV,Iran,1
13304,EuropeSky,ES,EUV,Germany,1
13306,BRAZIL AIR,GB,BZE,Brazil,1
1331,Air Division of the Eastern Kazakhstan Region,,UCK,Kazakhstan,0
1332,Aero-Charter Ukraine,DW,UCR,Ukraine,0
1333,Air LA,,UED,United States,0
13335,Homer Air,MR,OME,Germany,1
1334,Air Ukraine,6U,UKR,Ukraine,0
1335,Air Umbria,,UMB,Italy,0
1336,Atuneros Unidos de California,,UND,Mexico,0
1337,Aeroclub Flaps,,FLP,Spain,0
1338,Aerolineas Galapagos (Aerogal),2K,GLG,Ecuador,1
13388,Court Line,??,???,United Kingdom,0
13389,South West Africa Territory Force,??,***,Namibia,0
1339,Air Castle Corporation / Global Airways,,GLB,United States,0
13390,Lombards Air,++,---,South Africa,0
13391,U.S. Air,-+,--+,United States,1
13392,Flitestar,GM,===,South Africa,0
13394,Jayrow,\\',\\'\\,Australia,1
13395,Llloyd Helicopters,::,:::,Australia,0
13397,Wilderness Air,;;,,Australia,1
13398,Whitaker Air,^^,,Australia,1
134,Air Brasd'or,,BRL,Canada,0
1340,Alrosa Mirny Air Enterprise,6R,DRU,Russia,1
1341,Bearing Supplies Limited,,PVO,United Kingdom,0
1342,Balkan Agro Aviation,,BAA,Bulgaria,0
1343,Bahrain Air BSC (Closed),,BAB,Bahrain,0
1344,BAC Leasing Limited,,BAC,United Kingdom,0
1345,BAE Systems,,BAE,United Kingdom,0
1346,Belgian Air Force,,BAF,Belgium,0
1347,Baker Aviation,8Q,BAJ,United States,0
1348,Blackhawk Airways,,BAK,United States,0
1349,Britannia Airways,,BAL,United Kingdom,0
135,Air 500,,BRM,Canada,0
1350,Business Air Services,,BAM,Canada,0
1351,British Antarctic Survey,,BAN,United Kingdom,0
1352,Bradly Air (Charter) Services,,BAR,Canada,0
1353,Bissau Airlines,,BAU,Guinea-Bissau,0
1354,Bay Aviation Ltd,,BAV,Bangladesh,0
1355,British Airways,BA,BAW,United Kingdom,1
1356,Best Aero Handling Ltd,,BAX,Russia,0
1357,Bayon Airlines,,BAY,Cambodia,0
1358,Bannert Air,,BBA,Austria,0
1359,Biman Bangladesh Airlines,BG,BBC,Bangladesh,1
136,Alba Servizi Aerotrasporti,,AFQ,Italy,0
1360,Bluebird Cargo,BF,BBD,Iceland,0
1361,Beibars CJSC,,BBS,Kazakhstan,0
1362,Bravo Airlines,,BBV,Spain,0
1363,Blue Bird Aviation,,BBZ,Kenya,0
13633,PanAm World Airways,WQ,PQW,United States,1
1364,BACH Flugbetriebsges,B4,BCF,Austria,0
1365,Blue Islands,,BCI,United Kingdom,0
1366,British Caribbean Airways,,BCL,United Kingdom,0
1367,British Charter,,BCR,United Kingdom,0
1368,BCT Aviation,,BCT,United Kingdom,0
1369,Business Aviation Center,,BCV,Ukraine,0
13690,Virginwings,YY,VWA,Germany,1
137,Air France,AF,AFR,France,1
1370,Blue Dart Aviation,BZ,BDA,India,0
13704,KSY,KY,KSY,Greece,1
1371,B&H Airlines,JA,BON,Bosnia and Herzegovina,0
1372,Bissau Discovery Flying Club,,BDF,Guinea-Bissau,0
1373,Belgian Army,,AYB,Belgium,0
13732,Buquebus Líneas Aéreas,BQ,BQB,Uruguay,1
13734,SOCHI AIR,CQ,KOL,Russia,1
1374,Badr Airlines,,BDR,Sudan,0
1375,Best Aviation Ltd,,BEA,Bangladesh,0
13757,Wizz Air Ukraine,WU,WAU,Ukraine,1
1376,Belgorod Aviation Enterprise,,BED,Russia,0
1377,Bar Harbor Airlines,,AJC,United States,0
1378,Balear Express,,BEF,Spain,0
13781,88,47,VVN,Cyprus,1
1379,Bel Air Helicopters,,BEH,Denmark,0
138,Air Partner,,ACG,United Kingdom,0
1380,Berkut Air,,BEK,Kazakhstan,0
1381,BETA - Brazilian Express Transportes Aereos,,BET,Brazil,0
13815,LCM AIRLINES,LQ,LMM,Russia,1
1382,Basler Flight Service,,BFC,United States,0
1383,Bear Flight,,BFG,Sweden,0
13838,Aero Brazil,BZ,BZL,Brazil,0
1384,Buffalo Airways,J4,BFL,Canada,0
1385,Bombardier,,BFO,Canada,0
1386,Burkina Airlines,,BFR,Burkina Faso,0
1387,Business Flight Sweden,,BFS,Sweden,0
1388,Bahrain Defence Force,,BFW,Bahrain,0
1389,BH Air,,BGH,Bulgaria,0
13899,Cambodia Angkor Air (K6),K6,,Cambodia,1
139,Air Caledonie International,SB,ACI,France,1
1390,British Gulf International,,BGI,S,0
13905,Skyline nepc,D5,,India,0
1391,British Gulf International-Fez,,BGK,Kyrgyzstan,0
1392,Benin Golf Air,A8,BGL,Benin,0
13923,THREE,H3,T33,China,0
1393,Bugulma Air Enterprise,,BGM,Russia,0
13936,Royal European Airlines,69,,United Kingdom,1
1394,Budget Air Bangladesh,,BGR,Bangladesh,0
13947,Tom\\'s & co airliners,&T,T&O,France,1
1395,Bergen Air Transport,,BGT,Norway,0
1396,Buddha Air,,BHA,Nepal,0
1397,Balkh Airlines,,BHI,Afghanistan,0
1398,Bristow Helicopters,,BHL,United Kingdom,0
13983,Azul,AD,AZU,Brazil,1
1399,Bristow Helicopters Nigeria,,BHN,Nigeria,0
14,Abacus International,1B,,Singapore,1
140,Air Caledonia,,ACM,Canada,0
1400,Bhoja Airlines,,BHO,Pakistan,0
1401,Belair Airlines,4T,BHP,Switzerland,1
1402,Bighorn Airways,,BHR,United States,0
1403,Bahamasair,UP,BHS,Bahamas,1
1404,Bright Air,,BHT,Netherlands,0
1405,Bringer Air Cargo Taxi Aereo,E6,,Brazil,0
1406,Balkan Bulgarian Airlines,LZ,,,1
14061,LSM Airlines,PQ,LOO,Russia,1
14069,Zapolyarie Airlines,,PZY,Russia,1
1407,BA Connect,TH,,United Kingdom,0
14073,Finlandian,,FN1,Finland,1
1408,Bosphorus European Airways,,BHY,Turkey,0
1409,Binair,,BID,Germany,0
14094,LionXpress,C4,LIX,Cameroon,1
141,Air Guam,,AGM,United States,0
1410,Big Island Air,,BIG,United States,0
14109,Nik Airways,X1,,Saudi Arabia,0
1411,British International Helicopters,BS,BIH,United Kingdom,1
14118,Genesis,GK,,Pakistan,1
1412,Billund Air Center,,BIL,Denmark,0
1413,Boise Interagency Fire Center,,BIN,United States,0
1414,Bird Leasing,,BIR,United States,0
1415,Bizjet Ltd,,BIZ,United Kingdom,0
1416,Baja Air,,BJA,Mexico,0
1417,Baltic Jet Aircompany,,BJC,Latvia,0
1418,Business Jet Solutions,,BJS,United States,0
1419,Bankair,B4,BKA,United States,0
142,Air Gabon,GN,AGN,Gabon,0
1420,BF-Lento OY,,BKF,Finland,1
1421,Barken International,,BKJ,United States,0
1422,Bangkok Airways,PG,BKP,Thailand,1
1423,Bukovyna,,BKV,Ukraine,0
1424,Blue Bird Aviation,,BLB,Sudan,0
1425,Bellesavia,,BLC,Belarus,0
1426,Blue Line,,BLE,France,0
1427,Blue1,KF,BLF,Finland,1
1428,Belgavia,,BLG,Belgium,0
1429,Blue Horizon Travel Club,,BLH,United States,0
143,Air Data,,AFS,United Kingdom,0
1430,Blue Jet,,BLJ,Spain,0
1431,Baltic Airlines,,BLL,Russia,1
1432,Blue Airways,,BLM,Armenia,0
1433,Bali International Air Service,,BLN,Indonesia,0
1434,Bearskin Lake Air Service,JV,BLS,Canada,1
1435,Baltic Aviation,,BLT,United States,0
1436,Bellview Airlines,B3,BLV,Nigeria,1
1437,bmi,BD,BMA,United Kingdom,1
1438,British Medical Charter,,BMD,United Kingdom,0
14388,Congo Express,XZ,,Congo (Kinshasa),1
1439,Briggs Marine Environmental Services,,BME,United Kingdom,0
144,Air Afrique Vacancies,,AFV,Ivory Coast,0
1440,Bristow Masayu Helicopters,,BMH,Indonesia,0
1441,bmibaby,WW,BMI,United Kingdom,1
1442,Bemidji Airlines,CH,BMJ,United States,1
1443,Bismillah Airlines,5Z,BML,Bangladesh,0
1444,Bowman Aviation,,BMN,United States,0
1445,British Midland Regional,,BMR,United Kingdom,1
1446,BMW,,BMW,Germany,0
1447,Banco de Mexico,,BMX,Mexico,0
1448,Bond Offshore Helicopters,,BND,United Kingdom,0
14485,Fly Dubai,FZ,FDB,United Arab Emirates,1
1449,Benina Air,,BNE,Libya,0
145,Air Cargo America,,MVM,United States,0
1450,BN Group Limited,,BNG,United Kingdom,0
1451,Blue Nile Ethiopia Trading,,BNL,Ethiopia,0
1452,Bonair Aviation,,BNR,Canada,0
1453,Bancstar - Valley National Corporation,,BNS,United States,0
1454,Bentiu Air Transport,,BNT,Sudan,0
1455,Benane Aviation Corporation,,BNV,Mauritania,0
1456,British North West Airlines,,BNW,United Kingdom,0
1457,Boniair,,BOA,Macedonia,0
1458,Bond Air Services,,BOD,Uganda,0
1459,Boeing,,BOE,United States,0
146,Air Salone,2O,,Sierra Leone,1
1460,Bordaire,,BOF,Canada,0
1461,Bookajet Limited,,BOO,United Kingdom,0
1462,Bouraq Indonesia Airlines,BO,BOU,Indonesia,0
14620,Domenican Airlines,D1,MDO,Dominican Republic,1
1463,Blue Panorama Airlines,BV,BPA,Italy,1
1464,Berkhut ZK,,BPK,Kazakhstan,0
1465,Bundepolizei-Fliegertruppe,,BPO,Germany,0
1466,Budapest Aircraft Services/Manx2,,BPS,Hungary,1
1467,Bonus Aviation,,BPT,United Kingdom,0
14679,ConneX European Airline,,2CO,Austria,1
1468,British Petroleum Exploration,,BPX,Colombia,0
1469,BRA-Transportes Aereos,7R,BRB,Brazil,0
147,Air-Angol,,NGO,Angola,0
1470,Brock Air Services,,BRD,Canada,0
1471,Breeze Ltd,,BRE,Ukraine,0
1472,Bering Air,8E,BRG,United States,1
14725,Air Atlantic,9A,,Canada,0
14728,Air Ops,CR,,Sweden,0
1473,Briansk State Air Enterprise,,BRK,Russia,0
1474,Branson Airlines,,BRN,United States,0
1475,BASE Regional Airlines,,BRO,Netherlands,0
1476,Brazilian Air Force,,BRS,Brazil,1
1477,British Regional Airlines,,BRT,United Kingdom,0
1478,Belavia Belarusian Airlines,B2,BRU,Belarus,1
1479,Bravo Air Congo,K6,BRV,Democratic Republic of the Congo,0
148,Air Nigeria,,NGP,Nigeria,0
1480,Bright Aviation Services,,BRW,Bulgaria,0
1481,Braniff International Airways,BN,BNF,United States,0
1482,Buffalo Express Airlines,,BRX,United States,0
1483,Burundayavia,,BRY,Kazakhstan,0
1484,Bistair - Fez,,BSC,Kyrgyzstan,0
14849,Aereonautica militare,JY,AXZ,Italy,1
1485,Blue Star Airlines,,BSD,Mexico,0
14858,Kal Star Aviation,,KLS,Indonesia,1
1486,Brasair Transportes Aereos,,BSI,Brazil,0
1487,Blue Swann Aviation,,BSJ,United Kingdom,0
1488,Blue Sky Aviation,,BSM,Lebanon,0
14881,LSM AIRLINES ,YZ,YZZ,Russia,1
1489,Bissau Aero Transporte,,BSS,Guinea-Bissau,0
149,Air Cargo Carriers,2Q,SNC,United States,1
1490,Best Air,,BST,Turkey,0
1491,Blue Sky Airways,,BSW,Czech Republic,0
1492,Big Sky Airlines,GQ,BSY,United States,0
14921,Aero Lloyd (YP),YP,AEF,Germany,0
1493,BAL Bashkirian Airlines,V9,BTC,Russia,0
1494,Baltijas Helicopters,,BTH,Latvia,0
1495,Baltyka,,BTK,Ukraine,0
1496,Baltia Air Lines,,BTL,United States,0
1497,Botir-Avia,,BTR,Kyrgyzstan,0
1498,Business Express,,GAA,United States,0
1499,BT-Slavuta,,BTT,Ukraine,0
15,Abelag Aviation,W9,AAB,Belgium,0
150,Air Samarkand,,SND,Uzbekistan,0
1500,Metro Batavia,7P,BTV,Indonesia,1
1501,Bulgarian Air Charter,,BUC,Bulgaria,0
1502,Blue Airlines,,BUL,Democratic Republic of the Congo,0
1503,Buryat Airlines Aircompany,,BUN,Russia,0
1504,Buzz Stansted,,BUZ,United Kingdom,0
1505,Buffalo Airways,,BVA,United States,0
1506,Bulgarian Aeronautical Centre,,BVC,Bulgaria,0
1507,Baron Aviation Services,,BVN,United States,0
1508,Berjaya Air,J8,BVT,Malaysia,1
1509,Bellview Airlines,,BVU,,0
151,Air Senegal International,V7,SNG,Senegal,0
1510,Blue Wings,QW,BWG,Germany,1
1511,Blue Wing Airlines,,BWI,Suriname,0
1512,BWA (2002) Ltd,,BWL,United Kingdom,0
1513,Bahrain Executive Air Services,,BXA,Bahrain,0
1514,Bar XH Air,,BXH,Canada,0
1515,Brussels International Airlines,,BXI,Belgium,0
1516,BAX Global,8W,,,0
1517,Redding Aero Enterprises,,BXR,United States,0
1518,Berry Aviation,,BYA,United States,0
1519,Bylina Joint-Stock Company,,BYL,Russia,0
152,Air Sandy,,SNY,Canada,0
1520,Berytos Airlines,,BYR,Lebanon,0
1521,Bayu Indonesia Air,BM,BYE,Indonesia,0
1522,Bizair Fluggesellschaft,,BZA,Germany,0
1523,Brit Air,DB,BZH,France,1
1524,Butane Buzzard Aviation Corporation,,BZZ,United Kingdom,0
1525,Business Flight Salzburg,,AUJ,Austria,0
1526,BKS Air (Rivaflecha),,CKM,Spain,0
1527,Bristol Flying Centre,,CLF,United Kingdom,0
1528,Barnes Olsen Aeroleasing,,CLN,United Kingdom,0
1529,Baltimore Air Transport,,CPJ,United States,0
153,Air Namibia,SW,NMB,Namibia,1
1530,Boston-Maine Airways,E9,CXS,United States,0
1531,Brussels Airlines,SN,DAT,Belgium,1
1532,Baltimore Airways,,EAH,United States,0
1533,Bond Aviation,,EBA,Italy,0
1534,Brazilian Army Aviation,,EXB,Brazil,0
1535,Business Express Delivery,,EXP,Canada,0
1536,Bel Limited,,FOS,Russia,0
1537,Bangkok Aviation Center,,HAW,Thailand,0
1538,Benair,,HAX,Norway,0
1539,Binter Canarias,NT,IBB,Spain,1
154,Air Intersalonika,,NSK,Greece,0
1540,Bonyad Airlines,,IRJ,Iran,0
1541,Burundaiavia,,IVR,Kazakhstan,0
1542,Blue Air,0B,JOR,Romania,1
1543,British Mediterranean Airways,KJ,LAJ,United Kingdom,1
1544,Belle Air,,LBY,Albania,0
1545,Blom Geomatics,,LED,Norway,0
1546,Benin Littoral Airways,,LTL,Benin,0
1547,Bombardier Business Jet Solutions,,LXJ,United States,0
1548,Bulgaria Air,FB,LZB,Bulgaria,1
1549,Brazilian Navy Aviation,,MBR,Brazil,0
155,Air Anatolia,,NTL,Turkey,0
1550,Barents AirLink,8N,NKF,Sweden,1
1551,Belgian Navy,,NYB,Belgium,0
1552,Bakoji Airlines Services,,OGJ,Nigeria,0
1553,Benders Air,,PEB,Sweden,0
1554,Balmoral Central Contracts,,PNT,South Africa,0
1555,BGB Air,,POI,Kazakhstan,0
1556,Butte Aviation,,PPS,United States,0
1557,Bond Air Services,,RHD,United Kingdom,0
1558,Business Airfreight,,RLR,United States,0
1559,BAC Express Airlines,,RPX,United Kingdom,0
156,Air Saigon,,SGA,Vietnam,0
1560,Boscombe Down DERA (Formation),,RRS,United Kingdom,0
1561,Business Jet Sweden,,SCJ,Sweden,0
1562,British Airways Shuttle,,SHT,United Kingdom,0
1563,British Sky Broadcasting,,SKH,United Kingdom,0
1564,Bell Helicopter Textron,,TXB,Canada,0
1565,Buzzaway Limited,,UKA,United Kingdom,0
1566,Biz Jet Charter,,VLX,United States,0
1567,Blue Chip Jet,,VOL,Sweden,0
1568,BAE Systems,,WFD,United Kingdom,0
1569,BAE Systems,,WTN,United Kingdom,0
157,Afrique Regional Airways,,AFW,Ivory Coast,0
1570,Baseops International,,XBO,United States,0
1571,Bureau Veritas,,XDA,France,0
1572,British Airways,,XMS,United Kingdom,0
1573,Boskovic Air Charters Limited,,ZBA,Kenya,0
1574,C Air Jet Airlines,,SRJ,Syrian Arab Republic,0
1575,C N Air,,ORO,Spain,0
1576,C and M Aviation,,TIP,United States,0
1577,C&M Airways,,RWG,United States,0
1578,C.S.P.,,RMU,AIR-MAUR,0
1579,CABI,,CBI,Ukraine,0
158,Airfreight Express,,AFX,United Kingdom,0
1580,CAI,,CPI,Italy,0
1581,CAL Cargo Air Lines,5C,ICL,Israel,1
15814,UTair-Express,UR,,Russia,1
1582,CAM Air Management,,CMR,United Kingdom,0
1583,CATA L,,CTZ,Argentina,0
15837,Huaxia,G5,,China,1
1584,CCF Manager Airline,,CCF,Germany,0
1585,CEDTA (Compania Ecuatoriana De Transportes Aereos),,CED,Ecuador,0
1586,CHC Denmark,,HBI,Denmark,0
15867,Zabaykalskii Airlines,ZP,ZZZ,Russia,1
1587,CHC Helicopters,,HEM,Australia,0
1588,CHC Airways,AW,SCH,Netherlands,0
15887,CBM America,,XBM,United States,1
1589,CHC Helikopter Service,,HKS,Norway,0
15893,Marysya Airlines,M4,1QA,Russia,1
15897,N1,N1,,Peru,1
159,Africa Chartered Services,,AFY,Nigeria,0
1590,CI-Tours,,VCI,Ivory Coast,0
1591,CKC Services,,CKC,United States,0
1592,CM Stair,,CMZ,Mauritania,0
1593,CNET,,CNT,France,0
15930,Airlink (SAA),4Z,,South Africa,1
15939,Westfalia Express VA,,WFX,Germany,1
1594,COAPA AIR,,OAP,Mexico,0
1595,COMAV,,PDR,Namibia,0
15953,JobAir,3B,,Czech Republic,1
1596,CRI Helicopters Mexico,,CRH,Mexico,0
1597,CSA Air,,IRO,United States,0
15970,Zuliana de Aviacion,OD,ULA,Venezuela,0
15975,Black Stallion Airways,BZ,BSA,United States,1
1598,CSE Aviation,,CSE,United Kingdom,0
15984,German International Air Lines,GM,GER,Germany,1
15985,TrasBrasil,TB,TBZ,Brazil,1
15989,TransBrasil Airlines,TH,THS,Brazil,1
1599,CTK Network Aviation,,CTQ,Ghana,0
15999,China SSS,9C,,China,1
16,Army Air Corps,,AAC,United Kingdom,0
160,Africa Freight Services,,AFZ,Zambia,0
1600,Cabair College of Air Training,,CBR,United Kingdom,0
1601,Cabo Verde Express,,CVE,Cape Verde,0
1602,Caernarfon Airworld,,CWD,United Kingdom,0
16025,Nihon.jet,NJ,,Japan,0
1603,Cairo Air Transport Company,,CCE,Egypt,0
1604,Cal Gulf Aviation,,CGC,Sao Tome and Principe,0
1605,Cal-West Aviation,,REZ,United States,0
1606,California Air Shuttle,,CSL,United States,0
1607,Calima Aviacion,XG,CLI,Spain,1
1608,Calm Air,MO,CAV,Canada,0
16084,AIR INDOCHINE,,IIA,Vietnam,1
1609,Camai Air,R9,CAM,United States,0
16093,Transportes Aéreos Nacionales de Selva,TJ,,Peru,0
161,Aeronaves Del Centro,,AGA,Venezuela,0
1610,Cambodia Airlines,,KHM,Cambodia,0
16100,Happy Air,,HPY,Thailand,1
16101,Solar Air,,SRB,Thailand,1
16103,Air Mekong,P8,MKG,Vietnam,1
1611,Cameroon Airlines,UY,UYC,Cameroon,0
16110,Harbour Air (Priv),H3,,Canada,1
16116,Air Hamburg (AHO),HH,AHO,Germany,1
1612,Campania Helicopteros De Transporte,,HSO,Spain,0
16120,ZABAIKAL AIRLINES,Z6,ZTT,Russia,1
16127,TransHolding,TI,THI,Brazil,1
1613,CanJet,C6,CJA,Canada,0
16130,SUR Lineas Aereas,,SZZ,Argentina,1
16131,Aerolineas Africanas,,AA1,Guinea,1
16133,Yeti Airways,YT,,Nepal,1
16134,Georgian Airlines,,GEG,Georgia,0
16135,Yellowstone Club Private Shuttle,Y1,,United States,1
16136,Caucasus Airlines,NS,,Georgia,1
16139,Serbian Airlines,S1,SA1,Serbia,1
1614,Canada Jet Charters,,PIL,Canada,0
16149,Windward Islands Airways,WM,,Netherlands Antilles,1
1615,Canadian Airlines,CP,CDN,Canada,1
16150,TransHolding System,YO,TYS,Brazil,1
16151,CCML Airlines,CB,CCC,Colombia,1
1616,Canadian Coast Guard,,CTG,Canada,0
1617,Canadian Eagle Aviation,,HIA,Canada,0
1618,Canadian Forces,,CFC,Canada,0
1619,Canadian Global Air Ambulance,,BZD,Canada,0
16197,Air Charter International,SF,,France,0
16198,Small Planet Airlines,,ELC,Lithuania,1
162,Air Service Gabon,G8,AGB,Gabon,0
1620,Canadian Helicopters,,CDN,Canada,0
1621,Canadian Interagency Forest Fire Centre,,TKR,Canada,0
1622,Canadian National Telecommunications,,XNC,Canada,0
1623,Canadian North,5T,MPE,Canada,1
16234,Fly Brasil,F1,FBL,Brazil,1
1624,Canadian Regional Airlines,,CDR,Canada,0
1625,Canadian Warplane Heritage Museum,,CWH,Canada,0
1626,Canadian Western Airlines,W2,CWA,Canada,0
16260,AUOS,,AUK,United Kingdom,0
16261,CB Airways UK ( Interliging Flights ),1F,CIF,United Kingdom,1
16262,Fly Colombia ( Interliging Flights ),3F,3FF,Colombia,1
16264,Trans Pas Air,T6,TP6,United States,1
1627,Canair,,CWW,China,0
16273,KMV,МИ,,Russia,1
1628,Cancun Air,,CUI,Mexico,0
1629,Cape Air,9K,KAP,United States,1
163,Arab Agricultural Aviation Company,,AGC,Egypt,0
1630,Cape Air Transport,,CTO,Australia,0
1631,Cape Central Airways,,SEM,United States,0
1632,Cape Smythe Air,,CMY,United States,0
16323,Himalayan Airlines,HC,HYM,Nepal,1
16327,Indya Airline Group,G1,IG1,India,1
16329,Sunwing,WG,,Canada,1
1633,Capital Air Service,,CPX,United States,0
1634,Capital Airlines,,CPD,Kenya,0
1635,Capital Airlines Limited,,NCP,Nigeria,0
16358,Turkish Wings Domestic,,TWD,Turkey,1
16359,Japan Regio,ZX,ZXY,Japan,1
1636,Capital Cargo International Airlines,PT,CCI,United States,0
16362,OCEAN AIR CARGO,,IXO,India,1
16363,Norte Lineas Aereas,N0,,Argentina,1
16364,Austral Brasil,W7,,Brazil,1
1637,Capital City Air Carriers,,CCQ,United States,0
16373,PEGASUS AIRLINES-,H9,,Turkey,1
1638,Capital Trading Aviation,,EGL,United Kingdom,0
1639,Capitol Air Express,,CEX,United States,0
16399,AirLiberté,IJ,,France,0
164,Atlantic Gulf Airlines,,AGF,United States,0
1640,Capitol Wings Airline,,CWZ,United States,0
16409,Nihon.jet connect,,NX1,Kyrgyzstan,1
1641,Caravan Air,,VAN,Mauritania,0
16415,Camair-co,QC,,Cameroon,1
1642,Cardiff Wales Flying Club,,CWN,United Kingdom,0
1643,Cardinal/Air Virginia,,FVA,United States,0
16437,Aerocontinente (Priv),N6,,Peru,0
1644,Cardolaar,,GOL,Namibia,0
1645,Cards Air Services,,CDI,Philippines,0
16459,Sky Regional,RS,SKV,Canada,1
1646,Care Flight,,CFH,Australia,0
1647,Carga Aerea Dominicana,,CDM,Dominican Republic,0
16475,TUR Avrupa Hava YollarÄ±,YI,,Turkey,0
1648,Carga Express Internacional,,EST,Mexico,0
16487,Cruzeiro do Sul Servicos Aereos,,CRZ,Brazil,0
1649,Cargo 360,GG,GGC,United States,0
165,Aerolitoral,5D,SLI,Mexico,1
1650,Cargo Express,,MCX,Mauritania,0
16507,LSM International ,II,UWW,Russia,1
16508,Baikotovitchestrian Airlines ,BU,BUU,American Samoa,1
1651,Cargo Ivoire,,CRV,Ivory Coast,0
16511,Luchsh Airlines ,L4,LJJ,Russia,1
1652,Cargo Link (Caribbean),,CLM,Barbados,0
1653,Cargo Three,,CTW,Panama,0
1654,Cargoitalia,2G,CRG,Italy,0
1655,Cargojet Airways,W8,CJT,Canada,0
16556,ENTERair,,QQQ,Poland,1
1656,Cargolux,CV,CLX,Luxembourg,0
1657,Cargoman,,CGM,Oman,0
16570,Zimbabwean Airlines,Z7,,Zimbabwe,0
1658,Carib Aviation,,DEL,Antigua and Barbuda,0
16585,Air Cargo Germany,6U,,Germany,1
1659,Carib Express,,BCB,Barbados,0
166,Algoma Airways,,AGG,Canada,0
1660,Caribair,,CBC,Dominican Republic,0
1661,Caribbean Air Cargo,,DCC,Barbados,0
16615,Mongolian International Air Lines ,7M,ZTF,Mongolia,1
16616,Alaniya Airlines,2D,,Russia,0
1662,Caribbean Air Transport,,CLT,Netherlands,0
16624,Tway Airlines,TW,TWB,South Korea,1
16625,Papillon Grand Canyon Helicopters,HI,,United States,1
16628,Jusur airways,JX,JSR,Egypt,1
1663,Caribbean Airlines,BW,BWA,Trinidad and Tobago,1
1664,Caribbean Airways,,IQQ,Barbados,0
16645,NEXT Brasil,XB,NXB,Brazil,1
1665,Caribbean Express,,TLC,United States,0
1666,Caribbean Star Airlines,8B,GFI,Antigua and Barbuda,0
16660,AeroWorld ,W4,WER,Russia,1
1667,Caribintair,,CRT,Haiti,0
16671,Cook Island Air,KH,,Cook Islands,0
16675,US Africa Airways,E8,,United States,0
1668,Carill Aviation,,CVG,United Kingdom,0
1669,Carpatair,V3,KRP,Romania,1
16695,GNB Linhas Aereas,GN,,Brazil,1
167,Altagna,,AGH,France,0
1670,Carranza,,CRR,Chile,0
16702,Usa Sky Cargo,E1,ES2,United States,1
16707,Hankook Airline,HN,HNX,South Korea,1
1671,Carroll Air Service,,ULS,United States,0
16715,Red Jet America,RR,,United States,0
16717,REDjet,Z7,,Barbados,1
16719,Hellenic Airways,1H,HEY,Greece,0
1672,Casement Aviation,,CMT,United States,0
16720,Red Jet Andes,PT,,Peru,1
16721,Red Jet Canada,QY,,Canada,1
16723,Sprintair,,SRN,Poland,1
16724,Red Jet Mexico,4X,,Mexico,1
16725,Marusya Airways,Y8,MRS,Russia,1
16726,Era Alaska,7H,ERR,United States,1
16728,AirRussia,R8,RRJ,Russia,1
1673,Casino Airline,,CSO,United States,0
16735,Hankook Air US,H1,HA1,United States,1
16738,NEPC Airlines,D5,,India,0
1674,Casper Air Service,,CSP,United States,0
1675,Caspian Airlines,RV,CPN,Iran,1
16753,Canadian World,10,CNN,Canada,0
1676,Castle Aviation,,CSJ,United States,0
16760,Pim Air,,PHJ,Netherlands,0
1677,Cat Aviation,,CAZ,Switzerland,0
1678,Catalina Flying Boats,,CBT,United States,0
1679,Catex,,TEX,France,0
16794,Carpatair Flight Training,,SMW,Romania,1
16796,I-Fly,H5,RSY,Russia,1
16798,T.A.T,IJ,,France,0
168,Angola Air Charter,,AGO,Angola,0
1680,Cathay Pacific,CX,CPA,Hong Kong SAR of China,1
16804,Compania de Aviacion Faucett,,CFP,Peru,0
16808,Kar-Air,,KAR,Finland,0
1681,Caverton Helicopters,,CJR,Nigeria,0
16811,Alinord,DN,,Italy,0
1682,Cayman Airways,KX,CAY,Cayman Islands,1
16825,Pacific Express,VB,,United States,0
16826,Whitejets,,WTJ,Brazil,1
1683,Cebu Pacific,5J,CEB,Philippines,1
16837,VickJet,KT,VKJ,France,1
1684,Cecil Aviation,,CIL,United Kingdom,0
16844,BVI Airways,XV,,British Virgin Islands,1
1685,Cega Aviation,,CEG,United Kingdom,0
16858,Hamburg Airways,,HAY,Germany,1
1686,Celtic Airways,,CEC,United Kingdom,0
16860,Salsa d\\'Haiti,SO,SLC,Haiti,1
16867,Zambezi Airlines (ZMA),ZJ,,Zambia,1
16868,Kan Air,,KND,Thailand,1
1687,Celtic West,,CWE,United Kingdom,0
1688,Centavia,7N,CNA,Serbia,0
16881,Air Cudlua,,CUD,United Kingdom,1
16882,Polet Airlines (Priv),YQ,,Russia,1
1689,Cente D'Essais En Vol,,CEV,France,0
16895,Air Explore,,AXE,Slovakia,1
169,Angola Air Charter,,AGO,Angola,0
1690,Centennial Airlines,,CNL,United States,0
16900,TROPICAL LINHAS AEREAS,T1,TP3,Brazil,0
16901,12 North,12,N12,India,1
1691,Centennial Flight Centre,,CNS,Canada,0
16919,Holidays Czech Airlines,,HCC,Czech Republic,1
1692,Center Vol,,CVO,Spain,0
16921,Comtel Air,,COE,Austria,1
16926,Mint Airways,,MIC,Spain,1
1693,Center-South,,CTS,Russia,0
16932,Orbit Airlines,,OBT,United States,1
16939,Air Bucharest,,BUR,Romania,1
1694,Centrafrican Airlines,,CET,Central African Republic,0
16940,AlbaStar,,LAV,Spain,1
16942,Mauritania Airlines International,L6,MAI,Mauritania,1
1695,Central Air Express,,CAX,Democratic Republic of Congo,0
16956,MAT Airways,6F,MKD,Macedonia,1
1696,Central Airlines,,CTL,United States,0
16960,Asian Wings Airways,AW,AWM,Burma,1
16963,Air Arabia Egypt,E5,RBG,Egypt,1
16967,Eagles Airlines,,EGS,Italy,1
1697,Central Airways,,CNY,Sierra Leone,0
16973,YES Airways,,YEP,Poland,1
16975,Alitalia Cityliner,CT,,Italy,1
1698,Central American Airlines,,ACN,Nicaragua,0
16983,Direct Aero Services,,DSV,Romania,1
16985,Medallion Air,,MDP,Romania,1
1699,Central Aviation,,YOG,United States,0
17,Aero Aviation Centre Ltd.,,AAD,Canada,0
170,AERFI Group,,AGP,Ireland,0
1700,Central Connect Airlines,,CCG,Czech Republic,1
1701,Central De Discos De Reynosa,,DRN,Mexico,0
1702,Central European Airlines,,CMA,Czech Republic,0
17022,Orchid Airlines,OI,ORC,Australia,1
17023,Asia Wings,Y5,AWA,Kazakhstan,1
17026,Georgian International Airlines,,GNN,Georgia,1
17027,Air Batumi,,BTM,Georgia,1
1703,Central Flying Service,,CHA,United States,0
1704,Central Mongolia Airways,,CEM,Mongolia,0
1705,Central Mountain Air,,GLR,Canada,0
1706,Central Queensland Aviation College,,CQC,Australia,0
1707,Central Skyport,,CSI,United States,0
1708,Centralwings,C0,CLW,Poland,1
17082,Skywest Australia,XR,,Australia,1
17083,Nile Air,NP,NIA,Egypt,1
17086,Feeder Airlines,,FDD,Sudan,1
1709,Centre Airlines,,DTV,United States,0
17094,Senegal Airlines,DN,SGG,Senegal,1
17095,Fly 6ix,6I,,Sierra Leone,1
17099,Starbow Airlines,S9,,Ghana,1
171,Aerogala,,AGQ,Chile,0
1710,Centre of Applied Geodynamica,,CGS,Russia,0
1711,Centre-Avia,J7,CVC,Russia,0
17115,Copenhagen Express,0X,CX0,Denmark,1
1712,Centro De Helicopteros Corporativos,,CCV,Mexico,0
1713,Centro de Formacion Aeronautica de Canarias,,ACF,Spain,0
1714,Centurion Air Cargo,WE,CWC,United States,0
1715,Century Aviation,,URY,Mexico,0
1716,Century Aviation International,,HAI,Canada,0
1717,Certified Air Dispatch,,XAD,United States,0
1718,Cetraca Aviation Service,,CER,Democratic Republic of the Congo,0
1719,Chabahar Airlines,,IRU,Iran,0
172,Amadeus Global Travel Distribution,1A,AGT,Spain,0
1720,Chalair Aviation,,CLG,France,0
1721,Chalk's Ocean Airways,OP,CHK,United States,0
1722,Challenge Air Transport,,CLS,Germany,0
1723,Challenge Aviation,,CHS,Australia,0
1724,Challenge International Airlines,,OFF,United States,0
1725,AC Challenge Aero,,CHG,Ukraine,0
1726,Champagne Airlines,,CPH,France,0
1727,Champion Air,MG,CCP,United States,0
1728,Chanchangi Airlines,,NCH,Nigeria,0
1729,Changan Airlines,2Z,CGN,China,0
173,Angara Airlines,,AGU,Russia,0
1730,Channel Island Aviation,,CHN,United States,0
1731,Chantilly Air,,WML,United States,0
1732,Chaparral Airlines,,CPL,United States,0
1733,Chari Aviation Services,S8,CSU,Chad,0
1734,Charlan Air Charter,,CAH,South Africa,0
1735,Charlie Hammonds Flying Service,,HMD,United States,0
1736,Charlotte Air National Guard,,CGD,United States,0
1737,Charter Air,,CHW,Austria,1
1738,Chartright Air,,HRT,Canada,0
1739,Chautauqua Airlines,RP,CHQ,United States,1
174,Air Glaciers,7T,AGV,Switzerland,1
1740,Cheboksary Airenterprise JSC,,CBB,Russia,0
17408,BusinessAir,8B,BCC,Thailand,1
1741,Chemech Aviation,,CHM,Pakistan,0
1742,Cherline,,CHZ,Russia,0
1743,Chernomor-Avia,,CMK,Russia,0
1744,Cherokee Express,,CBM,United States,0
1745,Cherry Air,,CCY,United States,0
1746,Chesapeake Air Service,,CAB,United States,0
1747,Chevron U.S.A,,CVR,United States,0
1748,Cheyenne Airways,,CYA,United States,0
1749,Chicago Air,,CGO,United States,0
175,Aero Gambia,,AGW,Gambia,0
1750,Chicago Express,C8,WDY,United States,0
1751,Chief Rat Flight Services,,RAT,South Africa,0
17519,SENIC AIRLINES,YR,,United States,1
1752,Chilchota Taxi Aereo,,CCH,Mexico,0
1753,Chilcotin Caribou Aviation,,DES,Canada,0
1754,Chilliwack Aviation,,CAD,Canada,0
1755,Chim-Nir Aviation,,ETN,Israel,0
17557,Compass Airlines (Australia),,CYM,Australia,0
1756,China Airlines,CI,CAL,Taiwan,1
17563,XOJET,,XOJ,United States,1
17568,Dexter (DXT),,DXT,Russia,0
1757,China Cargo Airlines,CK,CKK,China,0
17571,Sky Wing Pacific,C7,CR7,South Korea,1
17572,Bateleur Air,,BEU,South Africa,1
17574,Air Indus,PP,AI0,Pakistan,1
17575,Samurai Airlines,07,770,Pakistan,0
1758,China Eastern Airlines,MU,CES,China,1
1759,China Express Airlines,,HXA,China,0
176,Aviogenex,,AGX,Serbia,1
1760,China Flying Dragon Aviation,,CFA,China,0
1761,China General Aviation Corporation,,CTH,China,0
17614,AirOne Continental,00,000,Slovakia,0
17618,AirOne Polska,U1,001,Poland,0
1762,China National Aviation Corporation,,CAG,China,0
17628,Orbit International Airlines,,OAI,United States,1
17629,Orbit Regional Airlines,,OAR,United States,1
1763,China Northern Airlines,CJ,CBF,China,0
17630,Orbit Atlantic Airways,,OAN,United States,1
1764,China Northwest Airlines,WH,CNW,China,0
1765,China Ocean Helicopter Corporation,,CHC,China,0
17658,Volotea,,VOO,Spain,1
1766,China Postal Airlines,8Y,CYZ,China,0
17666,Go Fly (United Kingdom),,GOE,United Kingdom,0
1767,China Southern Airlines,CZ,CSN,China,1
17675,Peach Aviation,MM,,Japan,1
1768,China Southwest Airlines,,CXN,China,0
1769,China United Airlines,HR,CUA,China,1
17694,Helitt Líneas Aéreas,,HTH,Spain,1
17695,Russia State Transport,,RSD,Russia,1
177,Atlantic Coast Airlines,,BLR,United States,0
1770,China Xinhua Airlines,XO,CXH,China,0
1771,Yunnan Airlines,3Q,CYH,China,1
1772,Chinguetti Airlines,,CGU,Mauritania,0
17726,Malaysia Wings,,MWI,Malaysia,1
1773,Chipola Aviation,,CEP,United States,0
1774,Chippewa Air Commuter,,CPW,United States,0
1775,Chitaavia,X7,CHF,Russia,0
17750,Aviabus,U1,ABI,Russia,1
1776,Christman Air System,,CAS,United States,0
1777,Christophorus Flugrettungsverein,,OEC,Austria,0
1778,Chrome Air Services,,CHO,United States,0
17780,Michael Airlines,DF,MJG,Puerto Rico,1
17786,Korongo Airlines,ZC,KGO,Congo (Kinshasa),1
1779,Church Aircraft,,CHU,United States,0
17794,Indonesia Sky,I5,IDS,Indonesia,1
178,Aero Barloz,,BLZ,Mexico,0
1780,Cielos Airlines,A2,CIU,Peru,0
1781,Cimber Air,QI,CIM,Denmark,1
1782,Cirrus,,RRU,Chile,0
17822,Pelangi ,9P,,Malaysia,0
1783,Cirrus Air,,NTS,United States,0
1784,Cirrus Airlines,C9,RUS,Germany,1
17841,Aws express,B0,666,United States,1
1785,Cirrus Middle East,,JTI,Lebanon,0
17859,Southjet,76,SJS,United States,1
1786,Citationshares,,FIV,United States,0
17860,Southjet connect,77,ZCS,United States,1
17861,Air Cape,KP,,South Africa,0
17862,Southjet cargo,78,XAN,United States,1
1787,Citibank,,XCX,United States,0
1788,Citic General Aviation,,HZX,China,0
17881,Iberia Express,I2,IBS,Spain,1
17885,Interjet (ABC Aerolineas),4O,,Mexico,1
17889,AirOnix,OG,,Ukraine,1
1789,City Airline,CF,SDR,Sweden,1
17890,Nordic Global Airlines,NJ,NGB,Finland,1
17891,Scoot,TZ,SCO,Singapore,1
17893,Starling Airlines Spain,SX,STS,Spain,0
179,Aeroper,PL,PLI,Peru,1
1790,City Connexion Airlines,G3,CIX,Burundi,1
17909,Hi Fly (5K),5K,,Portugal,1
1791,City of Bangor,,XBG,United States,0
17911,China Northwest Airlines (WH),WH,,China,1
1792,CityJet,WX,BCY,Ireland,1
1793,Cityair (Chester) Limited,,CAQ,United Kingdom,0
17935,Zenith International Airline,ZN,ZNA,Thailand,1
17936,Orbit Airlines Azerbaijan,O1,OAB,Azerbaijan,1
1794,Cityfly,,CII,Italy,0
1795,BA CityFlyer,CJ,CFE,United Kingdom,1
17955,Air Engiadina-BRN,,RQX,Switzerland,0
1796,Cityline Hungary,,CNB,Hungary,0
17963,VG Airlines (IV),,FVG,Belgium,0
1797,Citylink Airlines,,HSR,United States,0
1798,Civair Airways,,CIW,South Africa,0
17989,Air Alps Aviation (A6),A6,,Austria,1
1799,Civil Air Patrol South Carolina Wing,,BKR,United States,0
18,Aero Servicios Ejecutivos Internacionales,,SII,Mexico,0
180,Atlas Blue,8A,BMM,Morocco,1
1800,Civil Air Transport,CT,CAT,Taiwan,0
1801,Civil Aviation Authority,,CIA,Slovakia,0
18011,Austrian Airtransport,,AAT,Austria,0
1802,Civil Aviation Authority of New Zealand,,CIV,New Zealand,0
1803,Civil Aviation Inspectorate of the Czech Republic,,CBA,Czech Republic,0
1804,Claessens International Limited,,FMC,United Kingdom,0
1805,Clark Aviation,,CLK,United States,0
1806,Clasair,,CSF,United Kingdom,0
1807,Clay Lacy Aviation,,CLY,United States,0
18076,Flying kangaroo Airline,,FKA,Australia,1
1808,Click Airways,,CGK,Kyrgyzstan,1
18083,RusJet,,RSJ,Russia,1
1809,Cloud 9 Air Charters,,CLZ,South Africa,0
181,Aero Banobras,,BNB,Mexico,0
1810,Clowes Estates Limited,,CLD,United Kingdom,0
1811,Club 328,,SDJ,United Kingdom,0
18118,VietJet Air,,VJC,Vietnam,1
1812,Club Air,6P,ISG,Italy,0
1813,Coast Air,BX,CST,Norway,0
1814,Coastal Air,DQ,,United States,1
18140,Spantax S.A.,,BXS,Spain,0
1815,Coastal Air Transport,,TCL,United States,0
1816,Coastal Airways,,CNG,United States,0
18169,Patriot Airways,P4,,United States,1
1817,Coastal Travels,,CSV,Tanzania,0
18178,Vision Airlines (V2),V2,RBY,United States,1
1818,Cohlmia Aviation,,CHL,United States,0
1819,Colaereos,,OLR,Ecuador,0
182,Aero Flight Service,,AGY,United States,0
1820,Colemill Enterprises,,CLE,United States,0
1821,Colgan Air,9L,CJC,United States,1
1822,Colibri Aviation,,CAE,Canada,0
18228,Chicago Express (C8),C8,,United States,0
1823,Colt International,,CCX,United States,0
18232,BQB Lineas Aereas,5Q,,Uruguay,1
18237,AirAsia Japan,,WAJ,Japan,1
18239,Yellowtail,YE,YEL,United States,1
1824,Columbia Airlines,,COL,Canada,0
18241,Royal Airways,KG,RAW,United States,1
1825,Columbia Helicopters,,WCO,United States,0
18252,FlyHigh Airlines Ireland (FH),FH,FHI,Ireland,1
18257,Executive AirShare,,XSR,United States,1
1826,Columbus Air Transport,,KLR,United States,0
1827,Colvin Aviation,,GHP,United States,0
1828,Comair,OH,COM,United States,1
1829,Comair,MN,CAW,South Africa,1
183,Agrolet-Mci,,AGZ,Slovakia,0
1830,Comed Group,,CDE,United Kingdom,0
1831,Comeravia,,CVV,Venezuela,0
1832,Comercial Aerea,,CRS,Mexico,0
1833,Comet Airlines,,CMG,Nigeria,0
1834,Comfort Air,,FYN,Germany,0
1835,Comlux Aviation,,CLA,Switzerland,0
1836,Commair Aviation,,CMH,United Kingdom,0
1837,Commandement Du Transport Aerien Militaire Francais,,CTM,France,0
1838,Commander Air Charter,,CML,Canada,0
1839,Commander Mexicana,,CRM,Mexico,0
184,Air Alpha Greenland,GD,AHA,Denmark,0
1840,Commercial Aviation,,CMS,Canada,0
1841,Commodore Aviation,,GAR,Australia,0
1842,Commonwealth Jet Service,,CJS,United States,0
1843,CommutAir,C5,UCA,United States,1
1844,Comores Airlines,KR,CWK,Comoros,1
1845,Compagnia Generale Ripreseaeree,,CGR,Italy,0
1846,Compagnie Aerienne du Mali,,CMM,Mali,0
1847,Compagnie Mauritanienne Des Transports,,CPM,Mauritania,0
18475,Hebei Airlines,,HBH,China,1
18476,Air KBZ,,KBZ,Burma,1
18477,Aero VIP (2D),2D,,Portugal,1
1848,Compagnie de Bauxites de Guinee,,GIC,Guinea,0
1849,Compania Aerea de Valencia,,AIF,Spain,0
18497,Yangon Airways Ltd.,YH,,Burma,1
185,Azal Avia Cargo,,AHC,Azerbaijan,0
1850,Compania Aerotecnicas Fotograficas,,ATF,Spain,0
1851,Compania Boliviana de Transporte Aereo Privado Aerosur,,ASU,ASUR,0
1852,Compania De Actividades Y Servicios De Aviacion,,LCT,Spain,0
18529,T.J. Air,TJ,TJA,United States,1
1853,Compania Ejecutiva,,EJV,Mexico,0
1854,Compania Helicopteros Del Sureste,,HSE,Spain,0
18543,SkyWork Airlines ,SX,,Switzerland,1
18545,ValueJet,J7,VJA,United States,0
1855,Compania Mexicana De Aeroplanos,,MDR,Mexico,0
18553,Maastricht Airlines,W2,,Netherlands,1
1856,Compania Mexicargo,GJ,MXC,Mexico,0
1857,Compania Transportes Aereos Del Sur,,HSS,Spain,0
1858,Compania de Servicios Aereos Tavisa,,TAV,Spain,0
1859,Company Flight,,CYF,Denmark,0
18592,CheapFlyingInternational,WL,FQR,France,0
186,Airport Helicopter Basel,,AHE,AIRPORT HELICOPTER,0
1860,Compass Airlines,CP,CPZ,United States,1
1861,Compass International Airways,,CPS,United Kingdom,0
18616,Aviaexpresscruise,E6,,Russia,0
18617,Euro Jet,24,,Germany,1
1862,Compuflight Operations Service,,XCO,United States,0
18621,Ukraine Atlantic,,UAT,Ukraine,1
1863,Compuserve Incorporated,,XCS,United States,0
18637,AirOne Atlantic,00,AO1,Slovakia,0
1864,Conair Aviation,,CRC,Canada,0
18643,HQ- Business Express,HQ,,United States,0
1865,Concordavia,,COD,Ukraine,0
1866,Condor Aero Services,,CNR,United States,0
18668,Nesma Airlines,,NMA,Egypt,1
1867,Condor,,CIB,Germany,0
18672,East Horizon,,EHN,Afghanistan,1
18673,Royal Southern Airlines.,R1,RS1,Colombia,0
18676,Air Majoro,,MJP,Peru,1
1868,Condor Flugdienst,DE,CFG,Germany,1
18681,Fly Zoom,,UKZ,United Kingdom,0
1869,Confort Air,,COF,Canada,0
18692,Rotana Jet,,RJD,United Arab Emirates,1
187,Aeroservices Corporate,,CJE,France,0
1870,Congo Air,,CAK,Bahamas,0
18700,SOCHI AIR CHATER,Q3,QER,Russia,1
18702,Denim Air ,J7,,Norway,1
1871,Congressional Air,,CGA,United States,0
1872,Conifair Aviation,,ROY,Canada,0
18722,WestAir,OE,,United States,0
18723,WestAir Airlines,OE,,United States,0
18724,WestAir Airlines ,OE,,United States,0
18727,North Pacific Airlines,NO,,United States,0
1873,Connectair Charters,,BSN,Canada,0
18732,Malindo Air,OD,MXD,Malaysia,1
1874,Conquest Airlines,,CAC,United States,0
18749,Tramm Airlines,9F,TLM,Netherlands Antilles,0
1875,Conroe Aviation Services,,CXO,United States,0
1876,Consorcio Aviaxsa,6A,CHP,Mexico,1
18762,Lina Congo,GC,,Congo (Brazzaville),0
1877,Consorcio Helitec,,VCH,Venezuela,0
1878,Constanta Airline,,UZA,Ukraine,0
18781,Hermes Airlines,,HRM,Greece,1
1879,Contact Air,C3,KIS,Germany,1
188,Aspen Helicopters,,AHF,United States,0
1880,Contel ASC,,XCL,United States,0
1881,Continental Airlines,CO,COA,United States,1
1882,Continental Airways,PC,PVV,Russia,0
18825,Flightlink Tanzania,Z9,,Tanzania,1
18828,IzAvia,I8,,Russia,1
1883,Continental Express,CO,,United States,1
1884,Continental Micronesia,CS,CMI,United States,1
1885,Continental Oil,,CON,United States,0
1886,Conviasa,V0,VCV,Venezuela,1
18860,Катэкавиа,,КТК,Russia,1
18863,Псковавиа,,PKV,Russia,1
1887,Cook Inlet Aviation,,CKA,United States,0
1888,Cooper Aerial Surveys,,SVY,United Kingdom,0
1889,Copa Airlines,CM,CMP,Panama,1
18896,3 Valleys Airlines,3V,VA3,France,0
189,Aerochago Airlines,,AHG,Dominican Republic,0
1890,Copenhagen Airtaxi,,CAT,Denmark,0
1891,Copper State Air Service,,COP,United States,0
1892,Copterline,,AAQ,Finland,1
1893,Coptrade Air Transport,,CCW,Sudan,0
18930,Maryland Air,M1,M1F,United States,1
1894,Corendon Airlines,,CAI,Turkey,1
18944,Insel Air (7I/INC) (Priv),7I,,Netherlands Antilles,1
18946,VivaColombia,5Z,VVC,Colombia,1
1895,Coronado Aerolineas,,CRA,Colombia,0
18952,Flybe Finland Oy,,FCM,Finland,1
18959,Bingo Airways,,BGY,Poland,1
1896,Corpac Canada,,CPB,Canada,0
1897,Corporacion Aereo Cencor,,CNC,Mexico,0
1898,Corporacion Aeroangeles,,CPG,Mexico,0
1899,Corporacion Paraguaya De Aeronautica,,CGY,Paraguay,0
19,Aero Biniza,,BZS,Mexico,0
190,Airplanes Holdings,,AHH,Ireland,0
1900,Corporate Air,,CPT,United States,0
19007,Bluebird Airways (BZ),,BBG,Greece,1
1901,Corporate Air,,CPR,United States,0
19016,Apache Air,ZM,IWA,United States,1
1902,Corporate Aircraft Company,,CPO,United States,0
19025,Taunus Air Gmbh,,TAQ,Germany,0
19026,MHS Aviation GmbH,M2,,Germany,1
1903,Corporate Airlink,,COO,Canada,0
19030,Jettor Airlines,NR,JTO,Hong Kong,1
1904,Corporate Aviation Services,,CKE,United States,0
1905,Corporate Flight International,,VHT,United States,0
1906,Corporate Flight Management,,VTE,United States,0
1907,Corporate Jets,,CJI,United States,0
1908,Corsairfly,SS,CRL,France,1
1909,Corse-Mediterranee,XK,CCM,France,1
191,Air Hong Kong,LD,AHK,Hong Kong,0
1910,Cosmic Air,F5,COZ,Nepal,0
1911,Cougar Helicopters,,CHI,Canada,0
1912,Coulson Flying Service,,MGB,United Kingdom,0
1913,Country Connection Airlines,,NSW,Australia,0
1914,Country International Airlines,,CIK,Kyrgyzstan,0
1915,Courier Services,,CSD,United States,0
1916,Court Helicopters,,CUT,South Africa,0
1917,Coval Air,,CVL,Canada,0
1918,Cowi,,COW,Netherlands,0
1919,Coyne Aviation,,COY,United Kingdom,0
192,Aerochiapas,,AHP,Mexico,0
1920,Cranfield University,,CFD,United Kingdom,0
19204,Eastern Atlantic Charters,,EDI,United States,0
19208,GoDutch,GD,GOD,Netherlands,0
1921,Cree Airways,,CRE,Canada,0
19215,Flyme (VP),,VQI,Maldives,1
1922,Crelam,,ELM,Mexico,0
19225,Thai Lion Air,SL,,Thailand,1
1923,Crest Aviation,,CAN,United Kingdom,1
19231,Deutsche Luftverkehrsgesellschaft,DW,DLT,Germany,0
19232,Nürnberger Flugdienst,,NFD,Germany,0
1924,Crimea Universal Avia,,KRM,Ukraine,0
19244,Golden Myanmar Airlines,,GMR,Burma,1
1925,Croatia Airlines,OU,CTN,Croatia,1
1926,Croatian Air Force,,HRZ,Croatia,0
19262,ViznAir,,VZA,United States,0
1927,Cross Aviation,,CRX,United Kingdom,0
19276,Canaryfly,,CNF,Spain,1
1928,Crossair Europe,QE,ECC,Switzerland,0
19280,Sunrise Airways,,KSZ,Haiti,1
19287,National Air Cargo,N8,NCR,United States,1
1929,Crow Executive Air,,CWX,United States,0
19290,Eastern Atlantic Virtual Airlines,13,EAV,United States,1
193,Air Adriatic,,AHR,Croatia,0
1930,Crown Air Systems,,CKR,United States,0
19305,Citilink Indonesia,QG,,Indonesia,1
1931,Crown Airways,,CRO,United States,1
19317,Gulisano airways,GU,GU1,Italy,0
1932,Crownair,,CRW,Canada,0
1933,Cruiser Linhas Aereas,,VCR,Brazil,0
19337,Transair,,TTZ,Canada,1
1934,Cryderman Air Service,,CTY,United States,0
1935,Crystal Shamrock,,CYT,United States,0
19350,Comfort Express Virtual Charters Albany,,EVC,United States,1
19351,Comfort Express Virtual Charters,,CEO,United States,1
19358,Caribbean Wings,XP,ZYZ,Turks and Caicos Islands,0
19359,FLYJET,,FYJ,Poland,1
1936,Cubana de Aviación,CU,CUB,Cuba,1
19361,Snowbird Airlines,S8,SBD,Finland,1
19363,Russkie Krylya,,KRY,Russia,1
19367,Kharkiv Airlines,KH,KHK,Ukraine,1
1937,Cumberland Airways (Nicholson Air Service),,CBL,United States,0
1938,Custom Air Transport,,CTT,United States,0
1939,Cygnus Air,,RGN,Spain,0
194,Air Viggi San Raffaele,,AHS,Italy,0
1940,Cyprair Tours,,CYC,Cyprus,0
1941,Cypress Airlines,,CYS,Canada,0
1942,Cyprus Airways,CY,CYP,Cyprus,1
19423,Key Air,,KWY,United States,0
1943,Cyprus Turkish Airlines,YK,,Turkey,1
19433,XAIR USA,XA,XAU,United States,1
1944,Czech Air Force,,CEF,Czech Republic,0
1945,Czech Air Handling,,AHD,Czech Republic,0
19451,Air Costa,LB,,India,1
19459,Simrik Airlines,,RMK,Nepal,1
1946,Czech Airlines,OK,CSA,Czech Republic,1
19465,Global Freightways,F5,GF5,United States,0
1947,Czech Government Flying Service,,CIE,Czech Republic,0
19473,XPTO,XP,XPT,Portugal,1
19474,Royal Flight,,DME,Russia,1
1948,D & D Aviation,,DDA,United States,0
1949,D&K Aviation,,DNK,United States,0
195,ABC Air Hungary,,AHU,Hungary,0
1950,DAP Helicopteros,,DHE,Chile,0
1951,DFS UK Limited,,VLF,United Kingdom,0
1952,DAS Air Cargo,WD,DSR,Uganda,0
19525,BBN-Airways,,EGH,United Kingdom,1
1953,DAS Airlines,,RKC,Democratic Republic of the Congo,0
19531,Tomsk-Avia,,TKS,Russia,1
19538,Vintage Props and Jets,,VPP,United States,0
1954,DAT Danish Air Transport,DX,DTR,Denmark,1
19541,Malawian Airlines,3W,,Malawi,1
19548,Yeti Airlines ,,NYT,Nepal,1
1955,DAT Enterprise Limited,,ENT,United Kingdom,0
1956,DERA Boscombe Down,,BDN,United Kingdom,0
19567,Avilu,..,...,Switzerland,1
1957,DESNA,,DSN,Ukraine,0
1958,DETA Air,,DET,Kazakhstan,0
19582,Air Serbia,JU,ASL,Serbia,1
1959,DGO Jet,,DGO,Mexico,0
19599,Skyline Ulasim Ticaret A.S.,,KCU,Turkey,1
196,Aeromist-Kharkiv,HT,AHW,Ukraine,0
1960,DHL Aero Expreso,,DAE,Panama,0
1961,DHL Air,,DHK,United Kingdom,0
19610,Air Lituanica,LT,LTU,Lithuania,1
19619,Envoy Air,,ENY,United States,1
1962,DHL Aviation,,DHV,South Africa,0
1963,DHL International,ES,DHX,Bahrain,0
1964,DHL de Guatemala,L3,JOS,Guatemala,0
1965,DSWA,,RSK,United States,0
19651,CARICOM AIRWAYS (BARBADOS) INC.,,CCB,Barbados,1
1966,Daallo Airlines,D3,DAO,Djibouti,1
1967,Dagestan Airlines,N2,DAG,Russia,0
19674,Rainbow Air (RAI),RN,RAB,United States,1
19675,Rainbow Air Canada,RY,RAY,Canada,1
19676,Rainbow Air Polynesia,RX,RPO,United States,1
19677,Rainbow Air Euro,RU,RUE,United Kingdom,1
19678,Rainbow Air US,RM,RNY,United States,1
1968,Dahla Airlines,,DHA,Democratic Republic of Congo,0
1969,Daimler Chrysler Aviation,,DCS,Germany,0
197,Azerbaijan Airlines,J2,AHY,Azerbaijan,1
1970,Daimler-Chrysler,,DCX,United States,0
1971,Daka,,DKA,Kazakhstan,0
1972,Dala Air Services,,DLR,Nigeria,0
1973,Dalavia,H8,KHB,Russia,1
1974,Dallas Express Airlines,,DXP,United States,0
19745,Transilvania,,TNS,Romania,1
1975,Damascene Airways,,DAS,Syrian Arab Republic,0
19751,Dobrolet,QD,DOB,Russia,1
1976,Danbury Airways,,DSA,United States,0
1977,Dancopter,,DOP,Denmark,0
19774,Spike Airlines,S0,SAL,United States,1
19776,Grand Cru Airlines,,GCA,Lithuania,1
1978,Danish Air Force,,DAF,Denmark,0
19785,Go2Sky,,RLX,Slovakia,1
1979,Danish Army,,DAR,Denmark,0
198,Avies,U3,AIA,Estonia,1
1980,Danish Navy,,DNY,Denmark,0
19803,All Argentina,L1,AL1,Argentina,1
19804,All America,A2,AL2,United States,1
19805,All Asia,L9,AL3,China,1
19806,All Africa,9A,99F,South Africa,1
19807,Regionalia México,N4,J88,Mexico,1
19808,All Europe,N9,N99,United Kingdom,1
19809,All Spain,N7,N77,Spain,1
1981,Danu Oro Transportas,,DNU,Lithuania,0
19810,Regional Air Iceland,9N,N78,Iceland,1
19811,British Air Ferries,??,??!,United Kingdom,0
19812,Voestar,8K,K88,Brazil,1
19813,All Colombia,7O,7KK,Colombia,1
19814,Regionalia Uruguay,2X,2K2,Uruguay,1
19815,Regionalia Venezuela,9X,9XX,Venezuela,1
1982,Darta,,DRT,France,0
19827,Regionalia Chile,9J,CR1,Chile,1
19828,Vuela Cuba,6C,6CC,Cuba,1
1983,Darwin Airline,0D,DWT,Switzerland,1
19830,All Australia,88,8K8,Australia,1
19831,Fly Europa,ER,RWW,Spain,1
19834,FlyPortugal,PO,FPT,Portugal,1
1984,Dasab Airlines,,DSQ,Uganda,0
19845,FTI Fluggesellschaft,,FTI,Germany,0
1985,Dash Air Charter,,DSH,United States,0
1986,Dash Aviation,,GOB,United Kingdom,0
1987,Dasnair,,DGX,Switzerland,0
1988,Dassault Aviation,,DAB,France,0
19886,Spring Airlines Japan,IJ,SJO,Japan,1
1989,Dassault Falcon Jet Corporation,,CVF,United States,0
19890,Dense Airways,KP,DWA,United States,1
19891,Dense Connection,KZ,DC2,United States,1
199,Airbus Industrie,AP,AIB,France,0
1990,Dassault Falcon Service,,DSO,France,0
19908,Vuola Italia,4S,VI4,Italy,1
1991,Data International,,DTN,Sudan,0
19917,Jet Suite,,RSP,United States,1
1992,Date Transformation Corp,,XDT,United States,0
19923,Fly Jamaica Airways,,FJM,Jamaica,1
19927,Island Express Air,1X,,Canada,1
19928,All Argentina Express,Z0,Z9H,Argentina,1
1993,Dauair,D5,DAU,Germany,0
19930,Thai Smile Airways,WE,,Thailand,1
1994,David Crawshaw Consultants Limited,,DCO,United Kingdom,0
19944,International AirLink,I4,,Jamaica,1
1995,Dawn Air,,DWN,United States,0
1996,DayJet,,DJS,United States,0
19963,Real Tonga,RT,,Tonga,1
1997,Daya Aviation,,DAY,Sri Lanka,0
19970,All America AR,2R,M7A,Argentina,1
19971,All America CL,1R,R1R,Chile,1
19974,SOCHI AIR EXPRESS,Q4,SAE,Russia,1
19977,All America BR,1Y,A9B,Brazil,1
19979,FRA Air,X9,X9F,Germany,0
1998,De Havilland,,DHC,Canada,0
19983,Royal,QN,,Canada,0
19986,GREAT LAKES (GX),GX,,Canada,0
1999,Deadalos Flugtbetriebs,,IAY,Austria,0
2,135 Airways,,GNL,United States,0
20,Aero Albatros,,ABM,Spain,0
200,Alpine Air Chile,,AIH,Chile,0
2000,Decatur Aviation,,DAA,United States,0
20004,Volotea Costa Rica,9V,VC9,Costa Rica,1
2001,Deccan Aviation,,DKN,India,0
20017,Fly Romania,X5,OTJ,Romania,1
2002,Deccan Aviation (Lanka),,DLK,Sri Lanka,0
2003,Deer Jet,,DER,China,0
2004,Deere and Company,,JDC,United States,0
20047,Eagle Atlantic Airlines,E2,,Ghana,1
2005,Delaware Skyways,,DWR,United States,0
20051,Fly Africa Zimbabwe,,FZW,Zimbabwe,1
2006,Delta Aerotaxi,,DEA,Italy,1
20060,San Dima Air,,SDI,United States,1
2007,Delta Air Charter,,SNO,Canada,0
20073,All America CO,0Y,7ZC,Colombia,1
20074,All America MX,0M,0MM,Mexico,1
2008,Delta Air Elite,,ELJ,United States,0
2009,Delta Air Lines,DL,DAL,United States,1
201,Air Integra,,AII,Canada,0
2010,Delta Engineering Aviation,,KMB,United Kingdom,0
2011,Delta Express International,,DLI,Ukraine,0
20110,FOX Linhas Aereas,FX,FOX,Brazil,1
2012,Delta State University,,DSU,United States,0
20124,Wings of England,EX,"..,",United Kingdom,0
20127,Air Kenya (Priv),QP,,Kenya,1
2013,Denim Air,,DNM,Netherlands,1
2014,Denver Express,,FEC,United States,0
20144,Via Conectia Airlines,6V,CZV,Uruguay,1
2015,Denver Jet,,DJT,United States,0
20155,Hebradran Air Services,,HBR,United Kingdom,1
20158,Pobeda,,PBD,Russia,1
2016,Departmento De Agricultura De La Generalitat De Cataluna,,FGC,Spain,0
20160,City Airways,E8,GTA,Thailand,1
2017,Deraya Air Taxi,,DRY,Indonesia,0
20170,Norwegian Long Haul AS,DU,NLH,Norway,1
2018,Des R Cargo Express,,DRX,Mauritania,0
20186,BA101,,710,United Kingdom,1
2019,Desarrollo Milaz,,MIZ,Mexico,0
202,ABC Aerolineas,,AIJ,Mexico,0
2020,Destiny Air Services,,DTY,Sierra Leone,0
20207,TransNusa Air,M8,TNU,Indonesia,1
2021,Deutsche Bahn,2A,,Germany,1
20218,Tomp Airlines,ZT,T9P,Chile,1
2022,Deutsche Rettungsflugwacht,1I,AMB,Germany,0
20220,Fuzhou Airlines,,FZA,China,1
20221,Sky Angkor Airlines (ZA),,SWM,Cambodia,1
20222,OneJet,J1,,United States,1
20224,Global Airlines,0G,GA0,Argentina,1
20225,Mann Yadanarpon Airlines,,MYP,Burma,1
2023,Deutsches Zentrum fur Luft-und Raumfahrt EV,,LFO,Germany,0
2024,Di Air,,DIS,Serbia,0
2025,Diamond Aviation,,SPK,United States,0
2026,Didier Rousset Buy,,DRB,Chile,0
20261,International Flying Service,F4,,Italy,0
20264,Air Vistara,UK,VTI,India,1
20268,TransRussiaAirlines,1E,RGG,Russia,1
2027,Digital Equipment Corporation,,DGT,United States,0
20270,Severstal Air Company,D2,,Russia,1
2028,Dinar,D7,RDN,Argentina,0
20282,REXAIR VIRTUEL,RR,RXR,France,1
20285,WestJet Encore,WR,WEN,Canada,1
20286,Air Pegasus,OP,PPL,India,1
20288,International Europe,9I,INE,Spain,1
2029,Diplomatic Freight Services,,DIP,United Kingdom,0
20293,Sky Regional Airlines,,SKV,Canada,1
203,African Airlines International Limited,,AIK,Kenya,0
2030,Direccion General de Aviacion Civil y Telecomunicasciones,,ENA,Spain,0
2031,Direct Air,,DIA,United States,0
2032,Direct Air trading as Midway Connection,,XAP,United States,0
2033,Direct Flight,,DCT,United Kingdom,0
2034,Sky Express,,SXP,Poland,0
2035,Dirgantara Air Service,AW,DIR,Indonesia,0
2036,Discover Air,,DCV,United States,0
2037,Discovery Airways,DH,DVA,United States,0
2038,Dispatch Services,,XDS,United States,0
2039,Dix Aviation,,DIX,Germany,0
204,African International Airways,,AIN,Swaziland,0
2040,Dixie Airways,,DEE,United States,0
20401,V Air,ZV,VAX,Taiwan,1
2041,Djibouti Airlines,D8,DJB,Djibouti,1
20415,Cello Aviation,,CLJ,United Kingdom,1
2042,Dniproavia,,UDN,Ukraine,1
2043,Flying Dolphin Airlines,,FDN,United Arab Emirates,0
20438,Naka Nihon Airlines Service,NV,ALS,Japan,0
2044,Dolphin Express Airlines,,IXX,United States,0
2045,Dome Petroleum,,DPL,Canada,0
2046,Dominguez Toledo (Grupo Mayoral),,MYO,Spain,0
2047,Dominicana de Aviaci,DO,DOA,Dominican Republic,1
20478,Pouya Air,,PYA,Iran,1
2048,Domodedovo Airlines,E3,DMO,Russia,1
2049,Don Avia,,DVB,Kazakhstan,0
205,Alpine Air Express,5A,AIP,United States,0
2050,Donair Flying Club,,DON,United Kingdom,0
2051,DonbassAero,5D,UDC,Ukraine,1
2052,Dorado Air,,DAD,Dominican Republic,0
2053,Dornier,,DOR,Germany,0
2054,Dornier Aviation Nigeria,,DAV,Nigeria,0
20548,Islands Express,X9,,United States,0
20549,Atlantic Air Services,X7,,United States,0
2055,Dos Mundos,,DOM,Dominican Republic,0
2056,Dragonair,KA,HDA,DRAGON,1
20565,Boutique Air (Priv),4B,BTQ,United States,1
20566,FlyEgypt,,FEG,Egypt,1
2057,Dreamcatcher Airways,,DCA,United Kingdom,0
20577,VOLOTEA Airways,V7,VOE,Spain,1
2058,Druk Air,KB,DRK,Bhutan,1
20580,Aguilar Connect,3X,GUI,Chile,0
20589,ROYAL BRITAIN,7V,ROB,United Kingdom,0
2059,Drummond Island Air,,DRE,United States,0
20599,INAVIA Internacional,Z5,IIR,Argentina,1
206,Alicante Internacional Airlines,,AIU,Spain,0
2060,Dubai Airwing,,DUB,United Arab Emirates,0
20607,Liberty Airways,LE,LTY,United States,1
20608,Аэросервис,АЯ,,Russia,1
2061,Dubrovnik Air,,DBK,Croatia,1
2062,Ducair,,DUK,Luxembourg,0
2063,Duchess of Britany (Jersey) Limited,,DBJ,United Kingdom,0
2064,UK Royal/HRH Duke of York,,LPD,United Kingdom,0
2065,Dun'Air,,DUN,Mauritania,0
20653,Aeronautica Militare,,IAM,Italy,1
20657,Bassaka airlines,5B,BSX,Cambodia,1
2066,Duncan Aviation,,PHD,United States,0
2067,Dunyaya Bakis Hava Tasimaciligi,,VVF,Turkey,0
20675,Jetstar Japan ,,JJP,Japan,1
2068,Duo Airways,,DUO,United Kingdom,0
20686,SkyBahamas Airlines,Q7,,Bahamas,1
2069,Durango Jet,,DJE,Mexico,0
20695,UVT Aero,UW,,Russia,1
20698,First Flying,,DAK,Japan,1
207,Aba Air,,ABP,Czech Republic,0
2070,Dutch Antilles Express,,DNL,Netherlands Antilles,1
2071,Dutch Caribbean Express,,DCE,Netherlands Antilles,0
20710,Silver Airways (3M),3M,,United States,1
20716,AtlasGlobal Ukraine,,UJX,Ukraine,1
2072,Dutchbird,,DBR,Netherlands,0
20725,Boliviana de Aviacion (OB),,BOV,Bolivia,1
20726,US-Bangla Airlines,,UBG,Bangladesh,1
20729,Norwegian Air International (D8),,IBK,Norway,1
2073,Dwyer Aircraft Services,,DFS,United States,0
2074,Dynair Services,,XDY,United States,0
2075,Dynamair Aviation,,DNR,Canada,0
20752,ATA Airlines (Iran),I3,,Iran,1
2076,Dynamic Air,,DYE,Netherlands,0
20769,VIA Líneas Aéreas,V1,VIA,Argentina,1
2077,dba,DI,BAG,Germany,1
20777,Palair Macedonia,3D,PMK,Macedonia,0
2078,E H Darby Aviation,,EHD,United States,0
20788,Palair Macedonia (3D),3D,,Macedonia,0
2079,Electronic Data Systems,1C,,Switzerland,0
208,Airblue,ED,ABQ,Pakistan,1
2080,Electronic Data Systems,,1Y,,0
20802,GermanXL,GX,GXG,Germany,1
20808,Alghanim,,KYA,United States,1
2081,EAA Escola De Aviacao Aerocondor,,EAD,Portugal,0
2082,Executive Airlines Services,,EXW,Nigeria,0
20824,Indonesa Air Aisa X,,IDX,Indonesia,1
20827,Fly France,FF,FRF,France,1
2083,EFAOS- Agencia De Viagens e Turismo,,EFS,Angola,0
2084,EFD Eisele Flugdienst,,EFD,Germany,0
2085,EFS-Flugservice,,FSD,Germany,0
2086,EIS Aircraft,,EIS,Germany,0
2087,EPAG Groupe Air France,,IAG,France,0
20875,Jota Aviation,,ENZ,United Kingdom,1
2088,ESI Eliservizi Italiani,,ESI,Italy,0
20881,Europe Jet,EX,EU9,France,1
2089,EU Airways,,EUY,Ireland,0
209,Airmark Aviation,,THM,Thailand,0
2090,EUjet,VE,EUJ,Ireland,0
2091,EVA Air,BR,EVA,Taiwan,1
2092,Eagle Aero,,ICR,United States,0
20923,COBALT,,FCB,Cyprus,1
2093,Eagle Air,,EGR,Sierra Leone,0
20931,Southern Airways Express,,LTD,United States,1
2094,Eagle Air,H7,,Uganda,1
2095,Eagle Air Company,,EGX,Thailand,0
2096,Eagle Air Iceland,,FEI,Iceland,0
20961,Deutsche Luftverkehrsgesellschaft (DLT),DW,DWD,Germany,0
20962,Orenburzhie,,ORG,Russia,1
20963,Atlantic Air Cargo,K3,,United States,0
2097,Eagle Aviation,,EGU,Uganda,0
20976,World Scale Airlines,W3,WSS,United States,1
20978,All America US,AG,SSA,United States,1
2098,Eagle Aviation,,GYP,United Kingdom,0
20986,University of Birmingham Air Squadron (RAF),,UAY,United Kingdom,1
2099,Eagle Aviation France,,EGN,France,0
20991,Choice Airways,,CSX,United States,1
20994,Aruba Airlines,,ARU,Aruba,1
20995,BudgetAir,1K,BG1,Germany,1
20996,Dynamic Airways,,DYA,United States,1
21,Aigle Azur,ZI,AAF,France,1
210,Airlift International,,AIR,United States,1
2100,Eagle International,,SEG,Senegal,0
2101,Eagle Jet Charter,,EGJ,United States,0
21012,Fly One,F5,FI5,Moldova,1
2102,Eaglemed (Ballard Aviation),,EMD,United States,0
21021,Nordica,EE,,Estonia,1
2103,Earth Airlines Services,,ERX,Nigeria,0
21036,Tez Jet Airlines,,TEZ,Kyrgyzstan,1
2104,East African,QU,UGX,Uganda,1
21043,Kush Air,,KUH,South Sudan,1
2105,East African Safari Air,S9,HSA,Kenya,0
21056,Dummy,0E,,France,0
2106,East African Safari Air Express,,EXZ,Kenya,0
2107,East Asia Airlines,,EMU,Macao,0
2108,East Coast Airways,,ECT,South Africa,0
2109,East Coast Jets,,ECJ,United States,0
211,Airest,,AIT,Estonia,0
2110,East Hampton Aire,,EHA,United States,0
2111,East Kansas City Aviation,,EKC,United States,0
2112,East Midlands Helicopters,,CTK,United Kingdom,0
21124,ViaAir,,SRY,United States,1
2113,East Star Airlines,,DXH,China,0
21131,All America BOPY,0P,PYB,Paraguay,1
2114,East-West Airlines,,EWA,Australia,0
2115,Eastern Air,,EAZ,Zambia,0
2116,Eastern Air Executive,,EAX,United Kingdom,0
2117,Eastern Airways,T3,EZE,United Kingdom,1
21179,Thai Vietjet Air,,TVJ,Thailand,1
2118,Eastern Australia Airlines,,EAQ,Australia,0
21181,Air Andaman (2Y),2Y,AOW,Thailand,0
2119,Eastern Carolina Aviation,,ECI,United States,0
212,Air Baffin,,BFF,Canada,0
2120,Eastern Executive Air Charter,,GNS,United Kingdom,0
2121,Eastern Express,,LIS,Kazakhstan,0
2122,Eastern Metro Express,,EME,United States,0
2123,Eastern Pacific Aviation,,EPB,Canada,0
2124,Eastern Sky Jets,,ESJ,United Arab Emirates,0
21240,TDA Toa Domestic Airlines,,TDA,Japan,0
21248,GX Airlines,,CBG,China,1
2125,Eastland Air,DK,ELA,Australia,1
21251,Lynx Aviation (L3/SSX),,SSX,United States,0
2126,Eastwind Airlines,W9,SGR,United States,0
21268,Jetgo Australia,JG,,Australia,1
2127,Easy Link Aviation Services,,FYE,Nigeria,0
21270,Air Carnival,2S,,India,1
2128,Eckles Aircraft,,CMN,United States,0
2129,Eclipse Aviation,,EJT,United States,0
213,Air Bandama,,BDM,Ivory Coast,0
2130,Eco Air,,ECQ,Nigeria,0
2131,Ecoair,,DEI,Algeria,0
21317,Svyaz Rossiya,7R,SJM,Russia,1
2132,Ecomex Air Cargo,,ECX,Angola,0
2133,Ecotour,,ECD,Mexico,0
2134,Ecoturistica de Xcalak,,XCC,Mexico,0
2135,Ecuatoguineana De Aviacion (EGA),,ECV,Equatorial Guinea,0
2136,Ecuatorial Cargo,,EQC,Equatorial Guinea,0
2137,Ecuavia,,ECU,Ecuador,1
2138,Edelweiss Air,WK,EDW,Switzerland,1
2139,Edgartown Air,,SLO,United States,0
214,Air Berlin,AB,BER,Germany,1
2140,Edinburgh Air Charter,,EDC,United Kingdom,0
2141,Edwards Jet Center of Montana,,EDJ,United States,0
2142,Efata Papua Airlines,,EIJ,Indonesia,0
2143,Egyptair,MS,MSR,Egypt,1
2144,Egyptair Cargo,,MSX,Egypt,0
2145,Egyptian Air Force,,EGY,Egypt,0
2146,Egyptian Aviation,,EJX,Egypt,0
2147,Egyptian Aviation Company,,EMA,Egypt,0
2148,Ei Air Exports,,EIX,Ireland,0
2149,Eirjet,,EIR,Ireland,0
215,Air Brousse,,ABT,Canada,0
2150,El Al Israel Airlines,LY,ELY,Israel,1
2151,El Caminante Taxi Aereo,,CMX,Mexico,0
2152,El Quilada International Aviation,,GLQ,Sudan,0
2153,El Sal Air,,ELS,El Salvador,0
2154,El Sol De America,,ESC,Venezuela,0
2155,El-Buraq Air Transport,UZ,BRQ,Libya,1
2156,Elan Express,,ELX,United States,0
2157,Elbe Air Transport,,LBR,Germany,0
2158,Elbrus-Avia Air Enterprise,,NLK,Russia,0
2159,Eldinder Aviation,,DND,Sudan,0
216,Air Contractors,AG,ABR,Ireland,0
2160,Elicar,,PDV,Italy,0
2161,Elidolomiti,,EDO,Italy,0
2162,Elieuro,,ELB,Italy,0
2163,Elifriulia,,EFG,Italy,0
2164,Elilario Italia,,ELH,Italy,0
2165,Elilombarda,,EOA,Italy,0
2166,Elimediterranea,,MEE,Italy,0
2167,Elios,,VUL,Italy,0
2168,Elipiu',,IEP,Italy,0
2169,Elisra Airlines,,RSA,Sudan,0
217,Air Illinois,,AIL,United States,0
2170,Elite Air,,EAI,Togo,0
2171,Elite Jets,,EJD,United Arab Emirates,0
2172,Elitellina,,FGS,Italy,0
2173,Elliott Aviation,,ELT,United States,0
2174,Elmagal Aviation Services,,MGG,Sudan,0
2175,Elrom Aviation and Investments,,ELR,Israel,0
2176,Embassy Airlines,,EAM,Nigeria,0
2177,Embassy Freight Company,,EFT,United States,0
2178,Empresa Brasileira De Aeronautica,,EMB,Brazil,0
2179,Embry-Riddle Aeronautical University,,XSL,United States,0
218,Air India Limited,AI,AIC,India,1
2180,Emerald Airways,,JEM,United Kingdom,0
2181,Emery Worldwide Airlines,,EWW,United States,0
2182,Emetebe,,EMT,Ecuador,0
2183,Emirates,EK,UAE,United Arab Emirates,1
2184,Emoyeni Air Charter,,SBC,South Africa,0
2185,Empire Air Service,,EMP,United States,0
2186,Empire Airlines,EM,CFS,United States,0
2187,Empire Aviation Services,,MPR,Nigeria,0
2188,Empire Test Pilots' School,,ETP,United Kingdom,0
2189,Empresa (Aero Uruguay),,AUO,UNIFORM OSCAR,0
219,Air Inter Gabon,,AIG,Gabon,0
2190,Empresa Aero-Servicios Parrague,,PRG,Chile,0
2191,Empresa Aerocaribbean,,CRN,Cuba,0
2192,Empresa Aviacion Interamericana,,VNA,Uruguay,0
2193,Empresa Ecuatoriana De Aviacion,EU,EEA,Ecuador,1
2194,Empresa Nacional De Servicios Aereos,,CNI,Cuba,0
2195,Empresa Venezolana,,VNE,Venezuela,0
2196,Empresa de Aviacion Aerogaviota,,GTV,Cuba,0
2197,Empressa Brasileira de Infra-Estrutura Aeroportuaria-Infraero,,XLT,Brazil,0
2198,Endecots,,ENC,Ecuador,0
2199,Enimex,,ENI,Estonia,0
22,Aloha Airlines,AQ,AAH,United States,1
220,Air Bourbon,ZB,BUB,Reunion,1
2200,Enkor JSC,G8,ENK,Russia]],0
2201,Enrique Gleisner Vivanco,,EGV,Chile,0
2202,Ensenada Vuelos Especiales,,ESE,Mexico,0
2203,Entergy Services,,ENS,United States,0
2204,Enterprise World Airways,,EWS,Democratic Republic of the Congo,0
2205,Eos Airlines,E0,ESS,United States,0
2206,Equaflight Service,,EKA,Republic of the Congo,0
2207,Equatair Air Services (Zambia),,EQZ,Zambia,0
2208,Equatorial Airlines,,EQT,Equatorial Guinea,0
2209,Era Helicopters,,ERH,United States,0
221,Air Atlanta Icelandic,CC,ABD,Iceland,1
2210,Eram Air,,IRY,Iran,0
2211,Erfoto,,ERF,Portugal,0
2212,Erie Airways,,ERE,United States,0
2213,Eritrean Airlines,B8,ERT,Eritrea,1
2214,Escuela De Pilotos Are Aviacion,,CTV,Spain,0
2215,Espace Aviation Services,,EPC,Democratic Republic of the Congo,0
2216,Esso Resources Canada,,ERC,Canada,0
2217,Estafeta Carga Aerea,E7,ESF,Mexico,0
2218,Estonian Air,OV,ELL,Estonia,1
2219,Estrellas Del Aire,,ETA,Mexico,0
222,Air Inuit,,AIE,Canada,0
2220,Ethiopian Airlines,ET,ETH,Ethiopia,1
2221,Eti 2000,,MJM,Italy,0
2222,Etihad Airways,EY,ETD,United Arab Emirates,1
2223,Etram Air Wing,,ETM,Angola,0
2224,Euraviation,,EVN,Italy,0
2225,Euro Continental AIE,,ECN,Spain,0
2226,Euro Exec Express,RZ,,Sweden,1
2227,Euro Sun,,ESN,Turkey,0
2228,Euro-Asia Air,,EAK,Kazakhstan,0
2229,Euro-Asia Air International,,KZE,Kazakhstan,0
223,Air Sureste,,AIS,Spain,0
2230,EuroAtlantic Airways,,MMZ,Portugal,0
2231,EuroJet Aviation,,GOJ,United Kingdom,0
2232,Euroair,,EUP,Greece,0
2233,Euroamerican Air,,EUU,Uruguay,0
2234,Euroceltic Airways,,ECY,United Kingdom,0
2235,Eurocontrol,,EUC,Belgium,0
2236,Eurocopter,,ECF,France,0
2237,Eurocypria Airlines,UI,ECA,Cyprus,1
2238,Eurofly,,EEZ,Italy,0
2239,Eurofly Service,GJ,EEU,Italy,1
224,Air Srpska,RB,SBK,Bosnia and Herzegovina,0
2240,Euroguineana de Aviacion,,EUG,Equatorial Guinea,0
2241,Eurojet Italia,,ERJ,Italy,0
2242,Eurojet Limited,,JLN,Malta,0
2243,Eurojet Romania,,RDP,Romania,0
2244,Eurojet Servis,,EJS,Czech Republic,0
2245,Eurolot,K2,ELO,Poland,1
2246,Euromanx Airways,3W,EMX,Austria,0
2247,Europe Air Lines,,GED,France,0
2248,Europe Airpost,,FPO,France,0
2249,European 2000 Airlines,,EUT,Malta,0
225,Air Tahiti Nui,TN,THT,France,1
2250,European Aeronautical Group UK,,EAG,United Kingdom,0
2251,European Air Express,EA,EAL,Germany,1
2252,European Air Transport,QY,BCS,Belgium,0
2253,European Aviation Air Charter,E7,EAF,United Kingdom,0
2254,European Business Jets,,EBJ,United Kingdom,0
2255,European Coastal Airlines,,ECB,Croatia,0
2256,European Executive,,ETV,United Kingdom,0
2257,European Executive Express,,EXC,Sweden,0
2258,Eurosense,,EBG,Bulgaria,0
2259,Euroskylink,,ESX,United Kingdom,0
226,Airvias S/A Linhas Aereas,,AIV,Brazil,0
2260,Eurowings,EW,EWG,Germany,1
2261,Evergreen International Airlines,EZ,EIA,United States,1
2262,Everts Air Alaska/Everts Air Cargo,,VTS,United States,0
2263,Examiner Training Agency,,EMN,United Kingdom,0
2264,Excel Airways,JN,XLA,United Kingdom,1
2265,Excel Charter,,XEL,United Kingdom,1
2266,Excellent Air,,GZA,Germany,0
2267,Execair Aviation,MB,EXA,Canada,0
2268,Execujet Charter,,VCN,Switzerland,0
2269,Execujet Middle East,,EJO,United Arab Emirates,0
227,Aero Services Executive,W4,BES,France,0
2270,Execujet Scandinavia,,VMP,Denmark,0
2271,Executive Aerospace,,EAS,South Africa,0
2272,Executive Air,,LFL,Zimbabwe,0
2273,Executive Air Charter,,EAC,United States,0
2274,Executive Air Fleet,,XAF,United States,0
2275,Executive Aircraft Charter and Charter Services,,ECS,Ireland,0
2276,Executive Aircraft Services,,XAH,United Kingdom,0
2277,Executive Airlines,OW,EXK,United States,0
2278,Executive Airlines,,EXU,Spain,0
2279,Executive Aviation Services,,JTR,United Kingdom,0
228,Atlantic Island Airways,,AIW,Canada,0
2280,Executive Flight,,EXE,United States,0
2281,Executive Flight Operations Ontario Government,,TRI,Canada,0
2282,Executive Jet Charter,,EXJ,United Kingdom,0
2283,Executive Jet Management,,EJM,United States,0
2284,Executive Turbine Aviation,,TEA,South Africa,0
2285,Eximflight,,EXF,Mexico,0
2286,Exin,,EXN,Poland,0
2287,Expertos En Carga,,EXR,Mexico,0
2288,Expo Aviation,8D,EXV,Sri Lanka,0
2289,Express Air,,FXA,United States,0
229,Aircruising Australia,,AIX,Australia,0
2290,Express International Cargo,,EIC,S,0
2291,Express Line Aircompany,,XPL,United States,0
2292,Express Net Airlines,,XNA,United States,0
2293,Express One International,EO,LHN,United States,1
2294,Express Tours,,XTO,Canada,0
2295,ExpressJet,XE,BTA,United States,1
2296,Exxavia Limited,,JTM,Ireland,0
2297,easyJet,U2,EZY,United Kingdom,1
2298,NetJets,,EJA,United States,0
2299,F.S. Air Service,,EYE,United States,0
23,Alaska Island Air,,AAK,United States,0
230,Aircrew Check and Training Australia,,AIY,Australia,0
2300,FAI Airservice,,IFA,Germany,0
2301,FINFO Flight Inspection Aircraft,,FLC,United States,0
2302,FLM Aviation Mohrdieck,,FKI,Germany,0
2303,FLTPLAN,,DCM,United States,0
2304,FLowair Aviation,,FLW,France,0
2305,FMG Verkehrsfliegerschule Flughafen Paderborn-Lippstadt,,FMG,Germany,0
2306,FR Aviation,,FRA,United Kingdom,0
2307,FSB Flugservice & Development,,FSB,Germany,0
2308,FSH Luftfahrtunternehmen,,LEJ,Germany,0
2309,Fab Air,,FBA,Kyrgyzstan,0
231,Arkia Israel Airlines,IZ,AIZ,Israel,1
2310,Facts Air,,FCS,Mexico,0
2311,Fair Aviation,,FAV,South Africa,0
2312,Fair Wind Air Charter,,FWD,United Arab Emirates,0
2313,Fairlines,,FLS,Netherlands,0
2314,Fairoaks Flight Centre,,FFC,United Kingdom,0
2315,Fairways Corporation,,FWY,United States,0
2316,Falcon Air,,FCN,Sweden,0
2317,Falcon Air,,FAR,Slovenia,0
2318,Falcon Air Express,,FAO,United States,0
2319,Falcon Airline,,FAU,Nigeria,0
232,A J Services,,AJA,United Kingdom,0
2320,Falcon Aviation,IH,,Sweden,0
2321,Falcon Aviation Services,,FVS,United Arab Emirates,0
2322,Falcon Jet Centre,,FJC,United Kingdom,0
2323,Falwell Aviation,,FAW,United States,0
2324,Far Eastern Air Transport,EF,EFA,Taiwan,1
2325,Farmingdale State University,,FDL,United States,0
2326,Farnair Hungary,,FAH,Hungary,0
2327,Farnair Netherlands,,FRN,Netherlands,0
2328,Farnair Switzerland,,FAT,Switzerland,0
2329,Farnas Aviation Services,,RAF,Sudan,0
233,Aero JBR,,AJB,Mexico,0
2330,Faroecopter,,HBL,Denmark,0
2331,Faroejet,F6,RCK,Faroe Islands,0
2332,Farwest Airlines,,FRW,United States,0
2333,Faso Airways,F3,FSW,Burkina Faso,0
2334,Fast Helicopters,,FHL,United Kingdom,0
2335,Fayban Air Services,,FAY,Nigeria,0
2336,Fayetteville Flying Service and Scheduled Skyways System,,SKM,United States,0
2337,Federal Air,,FDR,South Africa,0
2338,Federal Airlines,,FLL,Sweden,0
2339,Federal Armed Forces,,DCN,Germany,0
234,Aero Jet Express,,AJE,Mexico,0
2340,Federal Armored Service,,FRM,United States,0
2341,Federal Aviation Administration,,NHK,United States,0
2342,Federal Express,FX,FDX,United States,0
2343,Feniks Airline,,FNK,Kazakhstan,0
2344,Feria Aviacion,,FER,Spain,0
2345,Fika Salaama Airlines,N8,HGK,Uganda,0
2346,Finalair Congo,4S,FNC,Republic of the Congo,0
2347,Financial Airxpress,,FAK,United States,0
2348,Fine Airlines,,FBF,United States,0
2349,Finist'air,,FTR,France,0
235,Avia Consult Flugbetriebs,,AJF,Austria,0
2350,Finnair,AY,FIN,Finland,1
2351,Finncomm Airlines,FC,WBA,Finland,1
2352,Finnish Air Force,,FNF,Finland,0
2353,Firefly,FY,FFM,Malaysia,1
2354,First Air,7F,FAB,Canada,1
2355,First Air Transport,,JRF,Japan,0
2356,First Cambodia Airlines,,FCC,Cambodia,0
2357,First Choice Airways,DP,FCA,United Kingdom,1
2358,First City Air,,MBL,United Kingdom,0
2359,First Flying Squadron,,GGA,United States,0
236,Ameristar Jet Charter,,AJI,United States,0
2360,First Line Air,,FIR,Sierra Leone,0
2361,First Sabre,,FTS,Mexico,0
2362,Fischer Air,8F,FFR,Czech Republic,0
2363,Fischer Air Polska,,FFP,Poland,0
2364,Flagship Express Services,,FSX,United States,0
2365,Flair Airlines,,FLE,Canada,0
2366,Flamenco Airways,,WAF,United States,0
2367,Flamingo Air,,FMR,United States,0
2368,Flamingo Air-Line,,FLN,Kazakhstan,0
2369,Flash Airlines,,FSH,Egypt,0
237,A2 Jet Leasing,,AJJ,United States,0
2370,Fleet Requirements Air Direction Unit,,BWY,United Kingdom,0
2371,Fleetair,,FLR,South Africa,0
2372,Flexair,,FXY,Netherlands,0
2373,Flexflight,,FXT,Denmark,0
2374,Flight Alaska,,TUD,United States,0
2375,Flight Calibration Service,,FCK,Germany,0
2376,Flight Centre Victoria,,FCV,Canada,0
2377,Flight Corporation,,FCP,New Zealand,0
2378,Flight Dispatch Services,,FDP,Poland,0
2379,Flight Express,,FLX,United States,0
238,Allied Air,,AJK,Nigeria,0
2380,Flight Inspection Center of the General Administration of Civil Aviation in China,,CFI,China,0
2381,Flight Inspections and Systems,,LTS,Russia,0
2382,Flight International,,IVJ,United States,0
2383,Flight Line,,MIT,United States,0
2384,Flight Ops International,,FOI,United States,0
2385,Flight Options,,OPT,United States,0
2386,Flight Precision Limited,,CLB,United Kingdom,0
2387,Flight Safety Limited,,FSL,United Kingdom,0
2388,Flight Support Sweden,,FSU,Sweden,0
2389,Flight Trac,,CCK,United States,0
239,Air Jamaica,JM,AJM,Jamaica,1
2390,Flight Training Europe,,AYR,Spain,0
2391,Flight West Airlines,,FWQ,Australia,0
2392,Flight-Ops International,,KLO,Canada,0
2393,Flightcraft,,CSK,United States,0
2394,Flightexec,,FEX,Canada,0
2395,Flightline,B5,FLT,United Kingdom,1
2396,Flightpass Limited,,FPS,United Kingdom,0
2397,Flightstar Corporation,,FSR,United States,0
2398,Flightworks,,KDZ,United States,0
2399,Flint Aviation Services,,FAZ,United States,0
24,American Airlines,AA,AAL,United States,1
240,Air One,AP,ADH,Italy,1
2400,Florida Air,,OJY,United States,0
2401,Florida Coastal Airlines,PA,FCL,United States,0
2402,Florida Department of Agriculture,,FFS,United States,0
2403,Florida Jet Service,,FJS,United States,0
2404,Florida West International Airways,RF,FWL,United States,1
2405,Flugdienst Fehlhaber,,FFG,Germany,0
2406,Flugschule Basel,,FLU,Switzerland,0
2407,Flugschule Eichenberger,,EZB,Switzerland,0
2408,Flugwerkzeuge Aviation Software,,FWZ,Austria,0
2409,Fly Air,F2,FLM,Turkey,0
241,Air Sahara,S2,RSH,India,1
2410,Fly CI Limited,,FCT,United Kingdom,0
2411,Fly Europa Limited,,FEE,United Kingdom,0
2412,Fly Excellent,,FXL,Sweden,0
2413,Fly International Airways,,NVJ,Tunisia,0
2414,Fly Line,,FIL,Spain,0
2415,Fly Me Sweden,SH,FLY,Sweden,0
2416,Fly Wex,,IAD,Italy,0
2417,AirAsia X,D7,XAX,Malaysia,1
2418,FlyLal,TE,LIL,Lithuania,1
2419,FlyNordic,LF,NDC,Sweden,1
242,Air Malta,KM,AMC,Malta,1
2420,Flybaboo,F7,BBO,Switzerland,1
2421,Flybe,BE,BEE,United Kingdom,1
2422,Flycolumbia,,FCE,Spain,0
2423,Flycom,,FLO,Slovenia,0
2424,Flygaktiebolaget Gota Vingar,,GVG,Sweden,0
2425,Flyglobespan,B4,GSM,United Kingdom,1
2426,Flygprestanda,,FPA,Sweden,0
2427,Flygtransporter I Nykoping,,ETS,Sweden,0
2428,Flyguppdraget Backamo,,INU,Sweden,0
2429,Flyhy Cargo Airlines,,FYH,Thailand,1
243,Aeroejecutivo,,AJO,Mexico,0
2430,Flying Carpet Company,,FCR,Lebanon,0
2431,Flying Service,,FYG,Belgium,0
2432,Flying-Research Aerogeophysical Center,,FGP,Russia,0
2433,Flylink Express,,FLK,Spain,0
2434,Flyteam Aviation,,FTM,United Kingdom,0
2435,Focus Air,,FKS,United States,0
2436,Fokker,,FOP,Netherlands,0
2437,Fonnafly,,NOF,Norway,0
2438,Ford Motor Company,,FOB,United Kingdom,0
2439,Formosa Airlines,VY,FOS,Taiwan,1
244,Aero Jets Corporativos,,AJP,Mexico,0
2440,Formula One Management,,FOR,United Kingdom,0
2441,Forth and Clyde Helicopter Services,,FHS,United Kingdom,0
2442,Fortunair Canada,,FXC,Canada,0
2443,Forward Air International Airlines,BN,,United States,0
2444,Foster Aviation,,FSA,United States,0
2445,Foster Yeoman,,JFY,United Kingdom,0
2446,Fotografia F3,,FTE,Spain,0
2447,Four Island Air,,FIA,Antigua and Barbuda,0
2448,Four Star Aviation / Four Star Cargo,HK,FSC,United States,0
2449,Four Winds Aviation,,WDS,United States,0
245,Aeroejecutivos Colombia,,AJS,Colombia,0
2450,Foxair,,FXR,Italy,0
2451,France Douanes,,FDO,France,0
2452,Free Bird Airlines,,FHY,Turkey,0
2453,Freedom Air,,FOM,New Zealand,0
2454,Freedom Air,FP,FRE,United States,1
2455,Freedom Air Services,,FFF,Nigeria,0
2456,Freedom Airlines,,FRL,United States,1
2457,Freedom Airways,,FAS,Cyprus,0
2458,Freeway Air,,FWC,Netherlands,0
2459,Freight Runners Express,,FRG,United States,0
246,Amerijet International,M6,AJT,United States,0
2460,Force Aerienne Francaise,,FAF,France,0
2461,Aviation Legere De L'Armee De Terre,,FMY,France,0
2462,France Marine Nationale,,FNY,France,0
2463,Fresh Air,,FRR,Nigeria,0
2464,Freshaer,,FAE,United Kingdom,0
2465,Friendship Air Alaska,,FAL,United States,0
2466,Friendship Airlines,,FLF,Uganda,0
2467,Froggy Corporate Aviation,,FGY,Australia,0
2468,Frontier Airlines,F9,FFT,United States,1
2469,Frontier Commuter,,ITR,United States,0
247,Air Jetsul,,AJU,Portugal,0
2470,Frontier Flying Service,2F,FTA,United States,1
2471,Frontier Guard,,FNG,Finland,0
2472,Fujairah Aviation Centre,,FUJ,United Arab Emirates,0
2473,Fujian Airlines,,CFJ,China,0
2474,Full Express,,GAX,United States,0
2475,Fumigacion Aerea Andaluza,,FAM,Spain,0
2476,Fun Flying Thai Air Service,,FFY,Thailand,0
2477,Fundació Rego,,ROG,Spain,0
2478,Funtshi Aviation Service,,FUN,Democratic Republic of the Congo,0
2479,Futura Gael,,FGL,Ireland,0
248,ANA & JP Express,,AJV,Japan,0
2480,Futura International Airways,FH,FUA,Spain,0
2481,G & L Aviation,,GML,South Africa,0
2482,G5 Executive,,EXH,Germany,0
2483,GAK/Mitchell Aero,,MTA,United States,0
2484,GATSA,,GGS,Mexico,0
2485,GB Airlink,,GBX,United States,0
2486,GB Airways,GT,GBL,United Kingdom,1
2487,GCS Air Service,,GCS,United States,0
2488,GEC Marconi Avionics,,FFU,United Kingdom,0
2489,GECAS,,GCC,Ireland,0
249,Alpha Jet International,,AJW,United States,0
2490,GENSA,,GEN,Brazil,0
2491,GETRA,,GET,Equatorial Guinea,0
2492,GFW Aviation,,GFW,Australia,0
2493,GH Stansted Limited,,GHI,United Kingdom,0
2494,GM Helicopters,,GMG,Latvia,0
2495,GP Express Airlines,,GPE,United States,0
2496,GPM Aeroservicio,,GPR,Mexico,0
2497,GR-Avia,,GIB,Guinea,0
2498,GST Aero Aircompany,,BMK,Kazakhstan,0
2499,GTA Air,,GTX,United States,0
25,Aviation Management Corporation,,AAM,United States,0
250,Air Japan,NQ,AJX,Japan,1
2500,Ga-Ma Helicoptere,,GAH,France,0
2501,Gabon Express,,GBE,Gabon,0
2502,Gabon-Air-Transport,,GRT,Gabon,0
2503,Gacela Air Cargo,,GIG,Mexico,0
2504,Gail Force Express,,GFC,United States,0
2505,Gain Jet Aviation,,GNJ,Greece,0
2506,Galair International,,SWF,United Kingdom,0
2507,Galaircervis,,GLS,Ukraine,0
2508,Galaxy Air,7O,GAL,Kyrgyzstan,0
2509,Galaxy Airlines,,GXY,Japan,0
251,Ajet,,AJY,Cyprus,0
2510,Galena Air Service,,GAS,United States,0
2511,Galileo International,1G,,United States,0
2512,Gama Aviation,,GMA,United Kingdom,0
2513,Gambia International Airlines,GC,GNR,Gambia,0
2514,Gambia New Millennium Air,,NML,Gambia,0
2515,Gamisa Aviacion,,GMJ,Spain,0
2516,Gandalf Airlines,G7,GNF,Italy,0
2517,Gander Aviation,,GAN,Canada,0
2518,Garden State Airlines,,GSA,United States,0
2519,Garrison Aviation,,AHM,Canada,0
252,Air Korea Co. Ltd.,,AKA,Republic of Korea,1
2520,Garuda Indonesia,GA,GIA,Indonesia,1
2521,Gatari Hutama Air Services,,GHS,Indonesia,0
2522,Gauteng Air Cargo,,EGO,South Africa,0
2523,Gavina,,GVN,Spain,0
2524,Gazpromavia,4G,GZP,Russia,1
2525,Geesair,,GEE,Canada,0
2526,Gemini Air Cargo,GR,GCO,United States,0
2527,Gendall Air,,GAB,Canada,0
2528,Gendarmerie Belge,,GDB,Belgium,0
2529,Gendarmie Nationale,,FGN,France,0
253,Air Livonia,,LIV,Estonia,0
2530,General Aerospace,,SWK,Canada,0
2531,General Airways,,GWS,South Africa,0
2532,General Aviation,,GNZ,Poland,0
2533,General Aviation Flying Services,,GTH,United States,0
2534,General Aviation Terminal,,XGA,Canada,0
2535,General Motors,,GMC,United States,0
2536,Genex,,GNX,Belarus,0
2537,Geographic Air Surveys,,GSL,Canada,0
2538,Georgian Airways,A9,TGZ,Georgia,1
2539,Georgian Aviation Federation,,FGA,Georgia,0
254,Air BC,,ABL,Canada,0
2540,Georgian Cargo Airlines Africa,,GGF,Senegal,0
2541,Georgian National Airlines,QB,GFG,Georgia,1
2542,DLR,,GPL,Germany,0
2543,German Air Force,,GAF,Germany,0
2544,German Army,,GAM,Germany,0
2545,German Navy,,GNY,Germany,0
2546,German Sky Airlines,,GHY,Germany,0
2547,Germania,ST,GMI,Germany,1
2548,Germanwings,4U,GWI,Germany,1
2549,Gerry's Dnata,,GDN,Pakistan,0
255,Air Fret Senegal,,ABN,Senegal,0
2550,Gesekkschaft Fur Flugzieldarstellung,,GFD,Germany,0
2551,Gestair,GP,GES,Spain,0
2552,Gestar,,GTR,Chile,0
2553,Gestion Aerea Ajecutiva,,GJT,Spain,0
2554,Ghadames Air Transport,,GHT,Libya,0
2555,Ghana Airways,,GHA,Ghana,0
2556,Ghana International Airlines,G0,GHB,Ghana,1
2557,Gibson Aviation,,NTC,United States,0
2558,Global Air Charter,,RPS,United States,0
2559,Global Air Operations,,GAG,Comoros,0
256,Air Jamahiriya Company,,LJA,Libya,0
2560,Global Air Services Nigeria,,GBS,Nigeria,0
2561,Global Aircargo,,GLC,Bahrain,0
2562,Global Airways,,BSP,Democratic Republic of Congo,0
2563,Global Aviation Operations,,GBB,South Africa,0
2564,Global Aviation and Services Group,,GAK,Libya,0
2565,Global Georgian Airways,,GGZ,Georgia,0
2566,Global Jet Austria,,GLJ,Austria,0
2567,Global Jet Corporation,,NSM,United States,0
2568,Global Jet Luxembourg,,SVW,Luxembourg,0
2569,Global Sky Aircharter,,GSK,United States,0
257,Aktjubavia,,AKB,Kazakhstan,0
2570,Global Supply Systems,,GSS,United Kingdom,0
2571,Global System,,XGS,United States,0
2572,Global Weather Dynamics,,XGW,United States,0
2573,Global Wings,,GLW,Japan,0
2574,Globe Jet,,GJA,Lebanon,0
2575,Go Air,G8,GOW,India,1
2576,Go One Airways,GK,,United Kingdom,0
2577,GoJet Airlines,G7,GJS,United States,1
2578,Gobierno De Guinea Ecuatorial,,GGE,Equatorial Guinea,0
2579,Gof-Air,,GOF,Mexico,0
258,Arca Aerovias Colombianas Ltda.,,AKC,Colombia,0
2580,Gofir,,GOI,Switzerland,0
2581,Gol Transportes Aéreos,G3,GLO,Brazil,1
2582,Gold Belt Air Transport,,GBT,Canada,0
2583,GoldAir,,GDA,United Kingdom,0
2584,Goldeck-Flug,,GDK,Austria,0
2585,Golden Air,DC,GAO,Sweden,1
2586,Golden Airlines,,GDD,United States,0
2587,Golden Pacific Airlines,,GPA,United States,0
2588,Golden Rule Airlines,,GRS,Kyrgyzstan,0
2589,Golden Star Air Cargo,,GLD,Sudan,0
259,Anikay Air Company,,AKF,Kyrgyzstan,0
2590,Goldfields Air Services,,GOS,Australia,0
2591,Golfe Air Quebec,,GAQ,Canada,0
2592,Goliaf Air,,GLE,Sao Tome and Principe,0
2593,Gomel Airlines,,GOM,Belarus,0
2594,Goodridge (UK) Limited,,RDR,United Kingdom,0
2595,Gorkha Airlines,G1,IKA,Nepal,0
2596,Gorlitsa Airlines,,GOR,Ukraine,0
2597,Government Flying Service,,HKG,Hong Kong SAR of China,0
2598,Government of Zambia Communications Flight,,GRZ,Zambia,0
2599,Grampian Flight Centre,,HLD,United Kingdom,0
26,Atlantis Airlines (USA),,AAO,United States,0
260,Akhal,,AKH,Turkmenistan,0
2600,Granada Aviacion,,GAV,Spain,0
2601,Grand Aire Express,,GAE,United States,0
2602,Grand Airways,,GND,United States,0
2603,Grand Canyon Airlines,,CVU,United States,0
2604,Grant Aviation,GS,GUN,United States,0
2605,Grantex Aviation,,LMK,United Kingdom,0
2606,Great American Airways,,GRA,United States,0
2607,Great Lakes Airlines,ZK,GLA,United States,1
2608,Great Lakes Airways (Uganda),,GLU,Uganda,0
2609,Great Plains Airlines,,GRP,United States,0
261,Aeromilenio,,MNI,Mexico,0
2610,Great Wall Airlines,IJ,GWL,China,0
2611,Great Western Air,,GWA,United States,0
2612,Hellenic Air Force,,HAF,Greece,0
2613,Greek Navy,,HNA,Greece,0
2614,Griffin Aviation,,GFF,Cyprus,0
2615,Grixona,,GXA,Moldova,0
2616,Grizodubova Air Company,,GZD,Russia,0
2617,Grossmann Air Service,,HTG,Austria,0
2618,Grossmann Jet Service,,GSJ,Czech Republic,0
2619,Ground Handling Service de Mexico,,GHV,Mexico,0
262,Aklak Air,,AKK,Canada,0
2620,Grup Air-Med,,GPM,Spain,0
2621,Grupo De Aviacion Ejecutiva,,EJC,Mexico,0
2622,Grupo TACA,TA,TAT,Costa Rica,1
2623,Grupo Vuelos Mediterraneo,,VMM,Spain,0
2624,Grupoaereo Monterrey,,GMT,Mexico,0
2625,Guard Systems,,GSY,Norway,0
2626,Guine Bissaur Airlines,G6,BSR,Guinea-Bissau,0
2627,Guinea Airways,,GIJ,Guinea,0
2628,Guinea Cargo,,GNC,Equatorial Guinea,0
2629,Guinee Airlines,J9,GIF,Guinea,0
263,Air Kiribati,4A,AKL,Kiribati,1
2630,Guinea Ecuatorial Airlines,,GEA,Equatorial Guinea,0
2631,Guinee Paramount Airlines,,GIQ,Guinea,0
2632,Guizhou Airlines,,CGH,China,0
2633,Guja,,GUS,Mexico,0
2634,Gujarat Airways,G8,GUJ,India,0
2635,Gulf & Caribbean Cargo / Contract Air Cargo,,TSU,United States,0
2636,Gulf African Airlines - Gambia,,GUF,,0
2637,Gulf Air,,GFA,Oman,1
2638,Gulf Air Bahrain,GF,GBA,Bahrain,1
2639,Gulf Air Inc,,GAT,United States,0
264,Alkan Air,,AKN,Canada,0
2640,Gulf Central Airlines,,GCN,United States,0
2641,Gulf Flite Center,,SFY,United States,0
2642,Gulf Pearl Air Lines,,GPC,Libya,0
2643,Gulfstream Aerospace,,GLF,United States,0
2644,Gulfstream Airlines,,GFS,United States,0
2645,Gulfstream International Airlines,,GFT,United States,1
2646,Gull Air,,GUL,United States,0
2647,Gum Air,,GUM,Suriname,0
2648,Guneydogu Havacilik Isletmesi,,GDH,Turkey,0
2649,Guyana Airways 2000,GY,,,0
265,Angkor Airways,,AKW,Cambodia,0
2650,Gwyn Aviation,,GWN,United Kingdom,0
2651,HC Airlines,,HLA,United Kingdom,0
2652,HPM Investments,,HWD,United Kingdom,0
2653,HT Helikoptertransport,,KTR,Sweden,0
2654,HTA Helicopteros,,AHT,Portugal,0
2656,Hadison Aviation,,FMS,United States,0
2657,Hageland Aviation Services,H6,HAG,United States,1
2658,Hagondale Limited,,POW,United Kingdom,0
2659,Hahn Air,HR,HHN,Germany,0
266,Air Nippon Network Co. Ltd.,EH,AKX,Japan,0
2660,Hainan Airlines,HU,CHH,China,1
2661,Hainan Phoenix Information Systems,1R,,China,0
2662,Haiti Air Freight,,HLS,Haiti,0
2663,Haiti Ambassador Airlines,2T,HAM,Haiti,1
2664,Haiti International Air,,HTI,Haiti,0
2665,Haiti International Airline,,HRB,Haiti,0
2666,Haiti National Airlines (HANA),,HNR,Haiti,0
2667,Haiti North Airline,,HTN,Haiti,0
2668,Haiti Trans Air,,HTC,Haiti,0
2669,Haitian Aviation Line,,HBC,Haiti,0
267,AK Navigator LLC,,AKZ,Kazakhstan,0
2670,Hajvairy Airlines,,HAJ,Pakistan,0
2671,Hak Air,,HKL,Nigeria,0
2672,Hala Air,,HLH,Sudan,0
2673,Halcyon Air/Bissau Airways,,HCN,Guinea-Bissau,0
2674,Hamburg International,4R,HHI,Germany,1
2675,Hamlin Jet,,HJL,United Kingdom,0
2676,Hamra Air,,HMM,United Arab Emirates,0
2677,Hand D Aviation,,WVA,United States,0
2678,Hangar 8,,HGR,United Kingdom,0
2679,Hangard Aviation,,HGD,Mongolia,0
268,Aero Albatros,,ALB,Mexico,0
2680,Hansung Airlines,,HAN,Republic of Korea,0
2681,TUIfly,X3,HLX,Germany,1
2682,Hapagfly,HF,HLF,Germany,1
2683,Harbor Airlines,HB,HAR,United States,0
2684,Harmony Airways,HQ,HMY,Canada,0
2685,Haughey Air,,NBR,United Kingdom,0
2686,Haverfordwest Air Charter Services,,PYN,United Kingdom,0
2687,Havilah Air Services,,HAV,Nigeria,0
2688,Hawaiian Airlines,HA,HAL,United States,1
2689,Hawaiian Pacific Airlines,HP,,United States,0
269,Albion Aviation,,ALD,United Kingdom,0
2690,Hawk Air,,HKR,Argentina,0
2691,Hawk De Mexico,,HMX,Mexico,0
2692,Hawkair,BH,,Canada,1
2693,Hawkaire,,HKI,United States,0
2694,Hazelton Airlines,,HZL,Australia,0
2695,Heavylift Cargo Airlines,HN,HVY,Australia,0
2696,Heavylift International,,HVL,United Arab Emirates,0
2697,Helcopteros De Cataluna,,HDC,Spain,0
2698,Helenair (Barbados),,HCB,Barbados,0
2699,Helenair Corporation,,HCL,Saint Lucia,0
27,Aerovista Airlines,,AAP,United Arab Emirates,0
270,Aeroalas Colombia,,ALE,Colombia,0
2700,Helenia Helicopter Service,,HHP,Denmark,0
2701,Heli Air Services,,HLR,Bulgaria,0
2702,Heli Ambulance Team,,ALJ,Austria,0
2703,Heli Bernina,,HEB,Switzerland,0
2704,Heli France,8H,HFR,France,1
2705,Heli Hungary,,HYH,Hungary,0
2706,Heli Medwest De Mexico,,HLM,Mexico,0
2707,Heli Securite,,HLI,France,0
2708,Heli Trip,,HTP,Mexico,0
2709,Heli Union Heli Prestations,,HLU,France,0
271,Allied Command Europe (Mobile Force),,ALF,Belgium,0
2710,Heli-Air-Monaco,,MCM,Monaco,0
2711,Heli-Holland,,HHE,Netherlands,0
2712,Heli-Iberica,,HRA,Spain,0
2713,Heli-Iberica Fotogrametria,,HIF,Spain,0
2714,Heli-Inter Guyane,,HIG,France,0
2715,Heli-Link,,HLK,Switzerland,0
2716,Heliamerica De Mexico,,HMC,Mexico,0
2717,Heliavia-Transporte Aereo,,HEA,Portugal,0
2718,Heliaviation Limited,,CDY,United Kingdom,0
2719,Helibravo Aviacao,,HIB,Portugal,0
272,Aerotaxis Albatros,,BTS,Mexico,0
2720,Helicap,,HLC,France,0
2721,Helicentre Coventry,,COV,United Kingdom,0
2722,Helicol,,HEL,Colombia,0
2723,Helicopter,,HCP,Czech Republic,0
2724,Helicopter & Aviation Services,,JKY,United Kingdom,0
2725,Helicopter Training & Hire,,MVK,United Kingdom,0
2726,Helicopteros Aero Personal,,HAP,Mexico,0
2727,Helicopteros Agroforestal,,HAA,Chile,0
2728,Helicopteros Internacionales,,HNT,Mexico,0
2729,Helicopteros Y Vehiculos Nacionales Aereos,,HEN,Mexico,0
273,American Flyers,,FYS,United States,0
2730,Helicsa,,HHH,Spain,0
2731,Helijet,JB,JBA,Canada,1
2732,Helikopterdrift,,HDR,Norway,0
2733,Helikopterservice Euro Air,,SCO,Sweden,0
2734,Heliocean,,OCE,France,0
2735,Helios Airways,ZU,HCY,Cyprus,0
2736,Helipistas,,HLP,Spain,0
2737,Heliportugal,,HPL,Portugal,0
2738,Heliservicio Campeche,,HEC,Mexico,0
2739,Helisul,,HSU,Portugal,0
274,Aero Coach Aviation,,DFA,United States,0
2740,Heliswiss,,HSI,Switzerland,0
2741,Helitafe,,HLT,Mexico,0
2742,Helitalia,,HIT,Italy,0
2743,Helitaxi Ofavi,,OFA,Mexico,0
2744,Helitrans,,HTA,Norway,0
2745,Helitrans Air Service,,HTS,United States,0
2746,Heliworks,,HLW,Chile,0
2747,Hellas Jet,T4,HEJ,Greece,1
2748,Hello,HW,FHE,Switzerland,1
2749,Helog,,HLG,Switzerland,0
275,Atlantic Southeast Airlines,,CAA,United States,0
2750,Helvetic Airways,2L,OAW,Switzerland,1
2751,Hemus Air,DU,HMS,Bulgaria,0
2752,Henebury Aviation,,HAC,Australia,0
2753,Heritiage Flight (Valley Air Services),,SSH,United States,0
2754,Herman's Markair Express,,MRX,United States,0
2755,Herritage Aviation Developments,,HED,United Kingdom,0
2756,Hewa Bora Airways,EO,ALX,Democratic Republic of the Congo,0
2757,Hex'Air,UD,HER,France,1
2758,Hi-Jet Helicopter Services,,HHS,Suriname,0
2759,Hi Fly,5K,HFY,Portugal,0
276,ACM Air Charter,,BVR,Germany,0
2760,High-Line Airways,,HLB,Canada,0
2761,Highland Airways,,HWY,United Kingdom,1
2762,Hispaniola Airways,,HIS,Dominican Republic,0
2763,Hogan Air,,HGA,United States,0
2764,Hokkaido Air System,,NTH,Japan,0
2765,Hokkaido International Airlines,HD,ADO,Japan,1
2766,Hokuriki-Koukuu Company,,ABH,Japan,0
2767,Hola Airlines,H5,HOA,Spain,0
2768,Holding International Group,,HIN,Mexico,0
2769,Holiday Airlines,,HOL,United States,0
277,Air Logistics,,ALG,United States,0
2770,Holstenair Lubeck,,HTR,Germany,0
2771,Homac Aviation,,HMV,Luxembourg,0
2772,Honduras Airlines,,HAS,Honduras,0
2773,Hong Kong Airlines,HX,CRK,Hong Kong SAR of China,1
2774,Hong Kong Express Airways,UO,HKE,Hong Kong SAR of China,1
2775,Honiara Cargo Express,,HEX,Solomon Islands,0
2776,Hop-A-Jet,,HPJ,United States,0
2777,Hope Air,HH,,Canada,0
2778,Horizon Air,QX,QXE,United States,1
2779,Horizon Air Service,,KOK,United States,0
278,Aerovallarta,,ALL,Mexico,0
2780,Horizon Air for Transport and Training,,HSM,Libya,0
2781,Horizon Air-Taxi,,HOR,Switzerland,0
2782,Horizon Airlines,BN,HZA,Australia,1
2783,Horizon Plus,,HPS,Bangladesh,0
2784,Horizons Unlimited,,HUD,United States,0
2785,Horizontes Aereos,,HOZ,Mexico,0
2786,Hoteles Dinamicos,,HDI,Mexico,0
2787,Houston Helicopters,,HHO,United States,0
2788,Houston Jet Services,,GGV,Austria,0
2789,Hozu-Avia,,OZU,Kazakhstan,0
279,Air ALM,,ALM,Netherlands Antilles,0
2790,Hub Airlines,,HUB,United States,0
2791,Huessler Air Service,,HUS,United States,0
2792,Hughes Aircraft Company,,GMH,United States,0
2793,Hummingbird Helicopter Service,,WHR,United States,0
2794,Hunair Hungarian Airlines,,HUV,Hungary,0
2795,Hungarian Air Force,,HUF,Hungary,0
2796,Hyack Air,,HYA,Canada,0
2797,Hydro Air Flight Operations,,HYC,South Africa,0
2798,Hydro-Québec,,HYD,Canada,0
2799,Héli Sécurité Helicopter Airlines,H4,,France,0
28,Asiana Airlines,OZ,AAR,Republic of Korea,1
280,Air Lincoln,,ALN,United States,0
2800,International Air Carrier Association,,ITC,Belgium,0
2801,IBC Airways,II,CSQ,United States,0
2802,IBL Aviation,,IBL,Mauritius,0
2803,IBM Euroflight Operations,,BBL,Switzerland,0
2804,ICAO,,YYY,,0
2805,ICAR Airlines,C3,,Ukraine,0
2806,ICC Canada,,CIC,Canada,0
2807,IDG Technology Air,,IDG,Czech Republic,0
2808,IFL Group,,IFL,United States,0
2809,II Lione Alato Arl,,RDE,United Kingdom,0
281,America West Airlines,HP,AWE,United States,1
2810,IJM International Jet Management,,IJM,Austria,0
2811,IKI International Airlines,,IKK,Japan,0
2812,IKON FTO,,IKN,Germany,0
2813,IMP Aviation Services,,BLU,Canada,0
2814,IMP Group Aviation Services,,XGG,Canada,0
2815,INFINI Travel Information,1F,,Japan,0
2816,IPEC Aviation,,IPA,Australia,0
2817,IPM Europe,,IPM,United Kingdom,0
2818,IRS Airlines,,LVB,Nigeria,0
2819,ISD Avia,,ISD,Ukraine,0
282,Air Wisconsin,ZW,AWI,United States,1
2820,ITA Software,1U,,United States,0
2821,IVV Femida,,FDF,Russia,0
2822,Iberia Airlines,IB,IBE,Spain,1
2823,Ibertour Servicios Aereos,,IBR,Spain,0
2824,Ibertrans Aerea,,IBT,Spain,0
2825,Iberworld,TY,IWD,Spain,1
2826,Ibex Airlines,FW,IBX,Japan,1
2827,Ibicenca Air,,IBC,Spain,0
2828,Ibk-Petra,,AKI,Sudan,0
2829,Icar Air,,RAC,Bosnia and Herzegovina,1
283,Aerotransporte de Carga Union,,TNO,Mexico,0
2830,Icare Franche Compte,,FRC,France,0
2831,Icaro,,ICD,Ecuador,0
2832,Icaro,,ICA,Italy,0
2833,Icarus,,IUS,Italy,0
2834,Icejet,,ICJ,Iceland,0
2835,Icelandair,FI,ICE,Iceland,1
2836,Icelandic Coast Guard,,ICG,Iceland,0
2837,Ikaros DK,,IKR,Denmark,0
2838,Il Ciocco International Travel Service,,CIO,Italy,0
2839,Il-Avia,,ILV,Russia,0
284,Aero Taxis Cessna,,TND,Mexico,0
2840,Ildefonso Redriguez,,IDL,Mexico,0
2841,Iliamna Air Taxi,,IAR,United States,0
2842,Ilpo Aruba Cargo,,ILP,Aruba,0
2843,Ilyich-Avia,,ILL,Ukraine,0
2844,Imaer,,IMR,Portugal,0
2845,Imair Airlines,IK,ITX,Azerbaijan,1
2846,Imperial Airways,,PNX,United States,0
2847,Imtrec Aviation,,IMT,Cambodia,0
2848,Independence Air,DH,IDE,United States,0
2849,Independent Air Freighters,,IDP,Australia,0
285,Arizona Express Airlines,,TMP,United States,0
2850,IndiGo Airlines,6E,IGO,India,1
2851,India International Airways,,IIL,India,0
2852,Indian Air Force,,IFC,India,0
2853,Indian Airlines,IC,IAC,India,1
2854,Indicator Company,,IDR,Hungary,0
2855,Indigo,I9,IBU,United States,1
2856,Indonesia Air Transport,,IDA,Indonesia,0
2857,Indonesia AirAsia,QZ,AWQ,Indonesia,1
2858,Indonesian Airlines,IO,IAA,Indonesia,1
2859,Industri Pesawat Terbang Nusantara,,IPN,Indonesia,0
286,Tatarstan Airlines,U9,TAK,Russia,1
2860,Industrias Titan,,ITN,Spain,0
2861,Infinit Air,,FFI,Spain,0
2862,Inflite The Jet Centre,,INS,United Kingdom,0
2863,Innotech Aviation,,IVA,Canada,0
2864,Insel Air International,,INC,Netherlands Antilles,0
2865,Instituto Cartografico de Cataluna,,ICC,Spain,0
2866,Intair,,INT,Canada,0
2867,Intal Avia,,INL,Kyrgyzstan,0
2868,Intavia Limited,,FFL,United Kingdom,0
2869,InteliJet Airways,IJ,IJT,Colombia,0
287,Allegheny Commuter Airlines,,ALO,United States,1
2870,Intensive Air,,XRA,South Africa,0
2871,Inter Air,,ITW,Bulgaria,0
2872,Inter Express,,INX,Turkey,0
2873,Inter Islands Airlines,H4,IIN,Cape Verde,0
2874,Inter RCA,,CAR,Central African Republic,0
2875,Inter Tropic Airlines,,NTT,Sierra Leone,0
2876,Inter-Air,,ITA,United States,0
2877,Inter-Canadian,,ICN,Canada,0
2878,Inter-Island Air,,UGL,United States,0
2879,Inter-Mountain Airways,,IMA,United States,0
288,Alpliner AG,,ALP,Switzerland,0
2880,Inter-State Aviation,,ITS,United States,0
2881,Interair South Africa,D6,ILN,South Africa,1
2882,Interaire,,NTE,Mexico,0
2883,Interavia Airlines,ZA,SUW,Russia,1
2884,Interaviatrans,,IVT,Ukraine,0
2885,Intercontinental de Aviaci,RS,ICT,Colombia,0
2886,Intercopters,,ICP,Spain,0
2887,Interflight,,IFT,United Kingdom,0
2888,Interflight (Learjet),,IJT,United Kingdom,0
2889,Interfly,,RFL,Italy,0
289,Altair Aviation (1986),,ALQ,Canada,0
2890,Interfreight Forwarding,,IFF,Sudan,0
2891,Interguide Air,,IGN,Nigeria,0
2892,Interisland Airlines,,ISN,Philippines,0
2893,Interisland Airways Limited,,IWY,Turks and Caicos Islands,0
2894,Interjet,,MTF,Italy,0
2895,Interjet Helicopters,,IHE,Greece,0
2896,Interlink Airlines,ID,ITK,South Africa,1
2897,International Air Cargo Corporation,,IAK,Egypt,0
2898,International Air Corporation,,EXX,United States,0
2899,International Air Service,,IAS,United States,0
29,Askari Aviation,4K,AAS,Pakistan,1
290,Air Luxor STP,,ALU,Sao Tome and Principe,0
2900,International Air Services,,IAX,Liberia,0
2901,International Business Air,6I,IBZ,Sweden,0
2902,International Business Aircraft,,IBY,United States,0
2903,International Charter Services,,ICS,Mexico,0
2904,International Charter Xpress,,ICX,United States,0
2905,International Committee of the Red Cross,,RED,Switzerland,0
2906,International Company for Transport,,IIG,ALDAWLYH AIR,0
2907,International Flight Training Academy,,IFX,United States,0
2908,International Jet Aviation Services,,IJA,United States,0
2909,International Jet Charter,,HSP,United States,0
291,Alas de Venezuela,,ALV,Venezuela,0
2910,International SOS WIndhoek,,RSQ,Namibia,0
2911,International Sabilisation Assistance Force,,ISF,United Kingdom,0
2912,International Security Assistance Force,,THN,Canada,0
2913,International Trans-Air,,ITH,Nigeria,0
2914,Interport Corporation,,IPT,United States,0
2915,Intersky,,IKY,Bulgaria,0
2916,Intersky,3L,ISK,Austria,1
2917,Interstate Airline,I4,FWA,Netherlands,0
2918,Intervuelos,,ITU,Mexico,0
2919,Inversija,,INV,Latvia,0
292,Alas Nacionales,,ALW,ALNACIONAL,0
2920,Iona National Airways,,IND,Ireland,0
2921,Iowa Airways,,IOA,United States,0
2922,Iran Air,IR,IRA,Iran,1
2923,Iran Aseman Airlines,EP,IRC,Iran,1
2924,Iranair Tours,,IRB,Iran,0
2925,Naft Air Lines,,IRG,Iran,0
2926,Iraqi Airways,IA,IAW,Iraq,1
2927,Irbis Air,,BIS,Kazakhstan,0
2928,Irish Air Corps,,IRL,Ireland,0
2929,Irish Air Transport,,RDK,Ireland,0
293,Alyeska Air Service,,ALY,United States,0
2930,Irish Aviation Authority,,XMR,Ireland,0
2931,Irtysh Airlines,,IRT,Uzbekistan,0
2932,Irving Oil,,XIA,Canada,0
2933,Irving Oil Transport,,KCE,Canada,0
2934,Island Air,,ISI,Mexico,0
2935,Island Air Charters,,ILF,United States,0
2936,Island Air Express,,XYZ,United States,0
2937,Island Airlines,IS,,United States,1
2938,Island Aviation,,SOY,Philippines,0
2939,Island Aviation Services,,DQA,Maldives,0
294,Alta Flights (Charters) Ltd.,,ALZ,Canada,0
2940,Island Aviation and Travel,,IOM,United Kingdom,0
2941,Island Express,2S,SDY,United States,0
2942,Cargo Plus Aviation,8L,CGP,United Arab Emirates,1
2943,Island Helicopters,,MTP,United States,0
2944,Island Link,,ILC,Japan,0
2945,Islandair Jersey,,IAJ,United Kingdom,0
2946,Islands Nationair,CN,,Papua New Guinea,0
2947,Icebird Airline,,ICB,Iceland,0
2948,Islas Airways,IF,ISW,Spain,1
2949,Isle Grande Flying School,,IGS,United States,0
295,Air Sunshine,,RSI,United States,1
2950,Islena De Inversiones,WC,ISV,Honduras,1
2951,Isles of Scilly Skybus,,IOS,United Kingdom,0
2952,Israel Aircraft Industries,,IAI,Israel,0
2953,Israeli Air Force,,IAF,Israel,0
2954,Israir,6H,ISR,Israel,1
2955,Istanbul Airlines,,IST,Turkey,0
2956,Itali Airlines,9X,ACL,Italy,0
2957,Italy First,,IFS,Italy,0
2958,Itek Air,GI,IKA,Kyrgyzstan,1
2959,Ivoire Aero Services,,IVS,Ivory Coast,0
296,ATMA,,AMA,Kazakhstan,0
2960,Ivoire Airways,,IVW,Ivory Coast,0
2961,Ivoire Jet Express,,IJE,Ivory Coast,0
2962,Iwamoto Crane Co Ltd,,OIC,Japan,0
2963,Ixair,,IXR,France,0
2964,Izair,H9,IZM,Turkey,0
2965,Izhavia,,IZA,Russia,0
2966,J C Bamford (Excavators),,JCB,United Kingdom,0
2967,J P Hunt Air Carriers,,RFX,United States,0
2968,J-Air,,JLJ,Japan,0
2969,JAL Express,JC,JEX,Japan,1
297,Aerolineas Medellin,,AMD,Colombia,0
2970,JALways,JO,JAZ,Japan,1
2971,JDAviation,,JDA,United Kingdom,0
2972,JDP Lux,,JDP,Luxembourg,0
2973,JHM Cargo Expreso,,JHM,Costa Rica,0
2974,JM Family Aviation,,TQM,United States,0
2975,JMC Airlines,,JMC,United Kingdom,0
2976,JSC Transport Automated Information Systems,1M,,Russia,0
2977,JS Air,,JSJ,Pakistan,0
2978,JS Aviation,,JES,Mexico,0
2979,Jackson Air Services,,JCK,Canada,0
298,Ameriflight,,AMF,United States,0
2980,Jade Cargo International,,JAE,China,0
2981,Jamahiriya Airways,,JAW,Libya,0
2982,Jambo Africa Airlines,,JMB,Democratic Republic of Congo,0
2983,Jana-Arka,,JAK,Kazakhstan,0
2984,Janair,,JAX,United States,0
2985,Japan Air Commuter,,JAC,Japan,0
2986,Japan Aircraft Service,,JSV,Japan,0
2987,Japan Airlines,JL,JAL,Japan,1
2988,Japan Airlines Domestic,JL,JAL,Japan,1
2989,Japan Asia Airways,EG,JAA,Japan,1
299,Air Libert,VD,,France,1
2990,Japan Transocean Air,NU,JTA,Japan,1
2991,Jat Airways,JU,JAT,Serbia,0
2992,Jatayu Airlines,VJ,JTY,Indonesia,0
2993,Jazeera Airways,J9,JZR,Kuwait,1
2994,Jeju Air,7C,JJA,Republic of Korea,1
2995,Jenney Beechcraft,,JNY,United States,0
2996,Jeppesen Data Plan,,XLD,United States,0
2997,Jeppesen UK,,JPN,United Kingdom,0
2998,Jet Air,,JEA,Poland,0
2999,Jet Air Group,,JSI,Russia,0
3,1Time Airline,1T,RNX,South Africa,1
30,Australia Asia Airlines,,AAU,Australia,0
300,Air Lithuania,TT,KLA,Lithuania,0
3000,Jet Airways,9W,JAI,India,1
3001,Jet Airways,QJ,,United States,1
3002,Jet Aspen Air Lines,,JTX,United States,0
3003,Jet Aviation,,PJS,Switzerland,0
3004,Jet Aviation Business Jets,,BZF,United States,0
3005,Jet Center Flight Training,,JCF,Spain,0
3006,Jet Charter,,JCT,United States,0
3007,Jetclub,0J,,Switzerland,0
3008,Jet Connection,,JCX,Germany,0
3009,Jet Courier Service,,DWW,United States,0
301,Air Minas Linhas A,,AMG,Brazil,0
3010,Jet East International,,JED,United States,0
3011,Jet Executive International Charter,,JEI,Germany,0
3012,Jet Fighter Flights,,RZA,Australia,0
3013,Jet Freighters,,CFT,United States,0
3014,Jet G&D Aviation,,JGD,Israel,0
3015,Jet Line International,,MJL,Moldova,0
3016,Jet Link,,JEK,Israel,0
3017,Jet Link Aviation,,HTL,United States,0
3018,Jet Norte,,JNR,Mexico,0
3019,Jet Rent,,JRN,Mexico,0
302,Alan Mann Helicopters Ltd.,,AMH,United Kingdom,0
3020,Jet Service,,JDI,Poland,0
3021,Jetstar Asia Airways,3K,JSA,Singapore,1
3022,Jet Stream,,JSM,Moldova,0
3023,Jet Trans Aviation,,JTC,Ghana,0
3024,Jet-2000,,JTT,Russia,0
3025,Jet-Ops,,OPS,United Arab Emirates,0
3026,Jet2.com,LS,EXS,United Kingdom,1
3027,Jet4You,8J,JFU,Morocco,1
3028,JetAfrica Swaziland,,OSW,Swaziland,0
3029,JetBlue Airways,B6,JBU,United States,1
303,Air Maldives,,AMI,Maldives,0
3030,JetConnect,,QNZ,New Zealand,0
3031,JetMagic,,JMG,Ireland,0
3032,Jetairfly,JF,JAF,Belgium,1
3033,Jetall Holdings,,JTL,Canada,0
3034,Jetalliance,,JAG,Austria,0
3035,Jetclub,0J,JCS,Switzerland,0
3036,Jetcorp,,UEJ,United States,0
3037,Jetcraft Aviation,,JCC,Australia,0
3038,Jetex Aviation,,JXA,Lebanon,0
3039,Jetflite,,JEF,Finland,1
304,Aviation Amos,,AMJ,Canada,0
3040,Jetfly Airlines,,JFL,Austria,0
3041,Jetgo International,,JIC,Thailand,0
3042,Jetlink Express,,JLX,Kenya,0
3043,Jetlink Holland,,JLH,Netherlands,0
3044,Jetnova de Aviacion Ejecutiva,,JNV,Spain,0
3045,Jetpro,,JPO,Mexico,0
3046,Jetran Air,,MDJ,Romania,0
3047,Jetrider International,,JRI,United Kingdom,0
3048,Jets Ejecutivos,,JEJ,Mexico,0
3049,Jets Personales,,JEP,Spain,0
305,Amerer Air,,AMK,Austria,0
3050,Jets Y Servicios Ejecutivos,,JSE,Mexico,0
3051,JetsGo,SG,JGO,Canada,0
3052,Jetstar Airways,JQ,JST,Australia,1
3053,Jetstream Air,,JSH,Hungary,0
3054,Jetstream Executive Travel,,JXT,United Kingdom,0
3055,Jett Paqueteria,,JPQ,Mexico,0
3056,Jett8 Airlines Cargo,JX,JEC,Singapore,0
3057,Jettime,,JTG,Denmark,0
3058,Jettrain Corporation,,JTN,United States,0
3059,Jetways of Iowa,,JWY,United States,0
306,Air Malawi,QM,AML,Malawi,1
3060,Jetx Airlines,GX,JXX,Iceland,0
3061,Jibair,,JIB,Djibouti,0
3062,Jigsaw Project,,JSW,United Kingdom,0
3063,Jim Hankins Air Service,,HKN,United States,0
3064,Jim Ratliff Air Service,,RAS,United States,0
3065,Joanas Avialinijos,,JDG,Lithuania,0
3066,Job Air,,JBR,Czech Republic,0
3067,Johnson Air,,JHN,United States,0
3068,Johnsons Air,,JON,Ghana,0
3069,Johnston Airways,,JMJ,United States,0
307,Aeroputul International Marculesti,,AMM,Moldova,0
3070,Joint Military Commission,,JMM,Sudan,0
3071,Jomartaxi Aereo,,JMT,Mexico,0
3072,Jonsson,,ODI,ODINN,0
3073,Jordan Aviation,R5,JAV,Jordan,0
3074,Jordan International Air Cargo,,JCI,Jordan,0
3075,Jorvik,,JVK,Iceland,0
3076,Ju-Air,,JUR,Switzerland,0
3077,Juanda Flying School,,JFS,Indonesia,0
3078,Juba Cargo Services & Aviation Company,,JUC,Sudan,0
3079,Jubba Airways,,JUB,Somali Republic,0
308,Air Montenegro,,AMN,Montenegro,0
3080,Jubilee Airways,,DKE,United Kingdom,0
3081,Juneyao Airlines,HO,DKH,China,1
3082,Justair Scandinavia,,MEY,Sweden,0
3083,Justice Prisoner and Alien Transportation System,,DOJ,United States,0
3084,K D Air Corporation,,KDC,Canada,0
3085,K S Avia,,KSA,Latvia,0
3086,K-Mile Air,,KMI,Thailand,0
3087,KD Avia,KD,KNI,Russia,1
3088,KLM Cityhopper,WA,KLC,Netherlands,1
3089,KLM Helicopter,,KLH,Netherlands,0
309,Air Montreal (Air Holdings Inc.),,AMO,Canada,0
3090,KLM Royal Dutch Airlines,KL,KLM,Netherlands,1
3091,Kabo Air,N2,QNK,Nigeria,0
3092,Kahama Mining Corporation,,KMC,Tanzania,0
3093,Kaiser Air,,KAI,United States,0
3094,Kalitta Air,K4,CKS,United States,0
3095,Kalitta Charters,,KFS,United States,0
3096,Kallat El Saker Air Company,,KES,Libya,0
3097,Kam Air,RQ,KMF,Afghanistan,1
3098,Kampuchea Airlines,E2,KMP,Cambodia,0
3099,Kanaf-Arkia Airlines,,KIZ,Israel,0
31,Astro Air International,,AAV,United States,0
310,Aero Transporte S.A. (ATSA),,AMP,Peru,0
3100,Kanfey Ha'emek Aviation,,KHE,Israel,0
3101,Kansas State University,,KSU,United States,0
3102,Karat,V2,AKT,Russia,0
3103,Karibu Airways Company,,KRB,Tanzania,0
3104,Karlog Air Charter,,KLG,Denmark,0
3105,Karthago Airlines,,KAJ,Tunisia,0
3106,Kartika Airlines,,KAE,Indonesia,0
3107,Kata Transportation,,KTV,Sudan,0
3108,Katekavia,,KTK,Russia,0
3109,Kato Airline,,KAT,Norway,0
311,Aeromedicare Ltd.,,AMQ,United Kingdom,0
3110,Kavminvodyavia,KV,MVD,Russia,1
3111,Kavouras Inc,,XKA,United States,0
3112,Kaz Agros Avia,,KRN,Kazakhstan,0
3113,Kaz Air West,,KAW,Kazakhstan,0
3114,Kazan Aviation Production Association,,KAO,Russia,0
3115,Kazan Helicopters,,KPH,Russia,0
3116,Kazavia,,KKA,Kazakhstan,0
3117,Kazaviaspas,,KZS,Kazakhstan,0
3118,Keenair Charter -,,JFK,United Kingdom,0
3119,Kelix Air,,KLX,Nigeria,0
312,Air Sicilia,BM,,Italy,1
3120,Kelner Airways,,FKL,Canada,0
3121,Kelowna Flightcraft Air Charter,,KFA,Canada,0
3122,Kendell Airlines,,KDA,Australia,1
3123,Kenmore Air,M5,KEN,United States,1
3124,Kenn Borek Air,,KBA,Canada,0
3125,Kent Aviation,,KAH,Canada,0
3126,Kenya Airways,KQ,KQA,Kenya,1
3127,Kevis,,KVS,Kazakhstan,0
3128,Key Airlines,,KEY,United States,0
3129,Key Lime Air,,LYM,United States,0
313,Air Specialties Corporation,,AMR,United States,0
3130,Keystone Aerial Surveys,,FTP,United States,0
3131,Keystone Air Services,BZ,KEE,Canada,0
3132,Khalifa Airways,,KZW,Algeria,0
3133,Kharkov Aircraft Manufacturing Company,,WKH,Ukraine,0
3134,Khazar,,KHR,Turkmenistan,0
3135,Khoezestan Photros Air Lines,,KHP,Iran,0
3136,Khoriv-Avia,,KRV,Ukraine,0
3137,Khors Aircompany,,KHO,Ukraine,0
3138,Khyber Afghan Airlines,,KHY,Afghanistan,0
3139,Kiev Aviation Plant,,UAK,Ukraine,0
314,Air Muskoka,,AMS,Canada,0
3140,King Aviation,,KNG,United Kingdom,0
3141,Kingfisher Air Services,,BEZ,United States,0
3142,Kingfisher Airlines,IT,KFR,India,1
3143,Knighthawk Air Express,,KNX,Canada,0
3144,Kingston Air Services,,KAS,Canada,0
3145,Kinnarps,,KIP,Sweden,0
3146,Kinshasa Airways,,KNS,Democratic Republic of the Congo,0
3147,Kirov Air Enterprise,,KTA,Russia,0
3148,Kish Air,Y9,IRK,Iran,1
3149,Kitty Hawk Aircargo,,KHA,United States,0
315,ATA Airlines,,AMT,United States,1
3150,Kitty Hawk Airways,,KHC,United States,0
3151,Kiwi International Air Lines,KP,KIA,United States,0
3152,Knight Air,,KNA,Canada,0
3153,Knighthawk Express,,KHX,United States,0
3154,Knights Airlines,,KGT,Nigeria,0
3155,Koanda Avacion,,KOA,Spain,0
3156,Koda International,,OYE,Nigeria,0
3157,Kogalymavia Air Company,7K,KGL,Russia,1
3158,Kom Activity,,KOM,Netherlands,0
3159,Komiaviatrans State Air Enterprise,,KMA,Russia,0
316,Air Macau,NX,AMU,Macao,1
3160,Komiinteravia,8J,KMV,Russia,0
3161,Komsomolsk-on-Amur Air Enterprise,,KNM,Russia,0
3162,Koob-Corp - 96 KFT,,KOB,Hungary,0
3163,Korean Air,KE,KAL,Republic of Korea,1
3164,Kosmas Air,,KMG,Serbia,0
3165,Kosmos,,KSM,Russia,1
3166,Kosova Airlines,,KOS,Serbia,0
3167,Kovar Air,,WOK,Czech Republic,0
3168,Krasnojarsky Airlines,7B,KJC,Russia,1
3169,Kremenchuk Flight College,,KFC,Ukraine,0
317,AMC Airlines,,AMV,Egypt,1
3170,Krimaviamontag,,KRG,Ukraine,0
3171,Kroonk Air Agency,,KRO,Ukraine,0
3172,Krylo Airlines,K9,KRI,Russia,0
3173,Krym,,KYM,Ukraine,0
3174,Krystel Air Charter,,OPC,United Kingdom,0
3175,Kuban Airlines,GW,KIL,Russia,1
3176,Kunpeng Airlines,VD,KPA,China,0
3177,Kurzemes Avio,,KZA,Russia,0
3178,Kustbevakningen,,KBV,Sweden,0
3179,Kuwait Airways,KU,KAC,Kuwait,1
318,Air Midwest,ZV,AMW,United States,0
3180,Kuzu Airlines Cargo,GO,KZU,Turkey,1
3181,Kvadro Aero,,QVR,Kyrgyzstan,0
3182,Kwena Air,,KWN,South Africa,0
3183,Kyrgyz Airlines,N5,KGZ,Kyrgyzstan,0
3184,Kyrgyz Trans Avia,,KTC,Kyrgyzstan,0
3185,Kyrgyzstan,QH,LYN,Kyrgyzstan,0
3186,Kyrgyzstan Airlines,R8,KGA,Kyrgyzstan,0
3187,Kyrgyzstan Department of Aviation,,DAM,Kyrgyzstan,0
3188,Kyrgz General Aviation,,KGB,Kyrgyzstan,0
3189,Kibris T,KY,KYV,Turkey,0
319,Air Seychelles,HM,SEY,Seychelles,1
3190,L A Helicopter,,LAH,United States,0
3191,L J Aviation,,LJY,United States,0
3192,L R Airlines,,LRB,Czech Republic,0
3193,L&L Flygbildteknik,,PHO,Sweden,0
3194,L'Express,,LEX,United States,0
3195,L-3 Communications Flight Internation Aviation,,FNT,United States,0
3196,L.A.B. Flying Service,JF,LAB,United States,0
3197,LACSA,LR,LRC,Costa Rica,1
3198,LADE - Lineas Aereas Del Estado,,LDE,Argentina,0
3199,LAI - Linea Aerea IAACA,KG,BNX,Venezuela,0
32,Afriqiyah Airways,8U,AAW,Libya,1
320,Air Sofia,,SFB,Bulgaria,0
3200,LAN Airlines,LA,LAN,Chile,1
3201,LAN Argentina,4M,DSM,Argentina,1
3202,LAN Cargo,,LCO,Chile,0
3203,LAN Dominica,,LNC,Dominican Republic,0
3204,LAN Express,LU,LXP,Chile,1
3205,LAN Peru,LP,LPE,Peru,1
3206,LANSA,,LSA,Dominican Republic,0
3207,LAP Colombia - Lineas Aereas Petroleras,,APT,LAP,0
3208,LASTP,,OTN,S,0
3209,LC Busre,,LCB,Peru,0
321,AeroMéxico,AM,AMX,Mexico,1
3210,LOT Polish Airlines,LO,LOT,Poland,1
3211,LTE International Airways,XO,LTE,Spain,1
3212,LTU Austria,L3,LTO,Austria,1
3213,LTU International,LT,LTU,Germany,0
3214,LTV Jet Fleet Corporation,,JFC,United States,0
3215,LUKoil-Avia,,LUK,Russia,0
3216,La Ronge Aviation Services,,ASK,Canada,0
3217,La Valenciana Taxi Aereo,,LVT,Mexico,0
3218,Labcorp,,SKQ,United States,0
3219,Labrador Airways,,LAL,Canada,0
322,Air Ambar,,AMY,Dominican Republic,0
3220,Lagun Air,N6,JEV,Spain,0
3221,Lake Havasu Air Service,,HCA,United States,0
3222,Lakeland Aviation,,LKL,United States,0
3223,Laker Airways,,LKR,United States,0
3224,Laker Airways (Bahamas),,LBH,United States,0
3225,Lamra,,LMR,Sudan,0
3226,Lanaes Aereas Trans Costa Rica,,TCR,Costa Rica,0
3227,Landsflug,,ISL,Iceland,0
3228,Langtry Flying Group,,PAP,United Kingdom,0
3229,Lankair,IK,LKN,Sri Lanka,0
323,Amiya Airline,,AMZ,Nigeria,0
3230,Lanza Air,,LZA,Spain,0
3231,Lanzarote Aerocargo,,LZT,Spain,0
3232,Lao Air Company,,LLL,Lao Peoples Democratic Republic,0
3233,Lao Airlines,QV,LAO,Lao Peoples Democratic Republic,1
3234,Lao Capricorn Air,,LKA,Lao Peoples Democratic Republic,0
3235,Laoag International Airlines,L7,LPN,Philippines,0
3236,Laredo Air,,LRD,United States,0
3237,LatCharter,,LTC,Latvia,1
3238,Latvian Air Force,,LAF,Latvia,0
3239,Lauda Air,NG,LDA,Austria,1
324,All Nippon Airways,NH,ANA,Japan,1
3240,Lauda Air Italy,,LDI,Italy,0
3241,Laughlin Express,,LEP,United States,0
3242,Laus,,LSU,Croatia,0
3243,Lawrence Aviation,,LAR,United States,0
3244,Layang-Layang Aerospace,,LAY,Malaysia,0
3245,Lease-a-Plane International,,LPL,United States,0
3246,Lebanese Air Transport,LQ,LAQ,Lebanon,0
3247,Lebanese Air Transport (Charter),,LAT,Lebanon,0
3248,Lebanon Airport Development Corporation,,LAD,United States,0
325,Air Navigation And Trading Co. Ltd.,,ANB,United Kingdom,0
3250,Leconte Airlines,,LCA,United States,0
3251,Leeward Islands Air Transport,LI,LIA,Antigua and Barbuda,1
3252,Legend Airlines,,LGD,United States,0
3253,Leisure Air,,LWD,United States,0
3254,Lentini Aviation,,LEN,United States,0
3255,Leo-Air,,LOR,South Africa,0
3256,Leonsa De Aviacion,,LEL,Spain,0
3257,Libyan Airlines,,LYW,Libya,0
3258,Libyan Arab Airlines,LN,LAA,Libya,1
3259,Libyan Arab Air Cargo,,LCR,Libya,0
326,Anglo Cargo,,ANC,United Kingdom,0
3260,Lid Air,,LIQ,Sweden,0
3261,Lignes Aeriennes Congolaises,,LCG,Democratic Republic of the Congo,0
3262,Lignes Aeriennes Du Tchad,,LKD,Chad,0
3263,Lignes Mauritaniennes Air Express,,LME,Mauritania,0
3264,Lignes Nationales Aeriennes - Linacongo,,GCB,Republic of the Congo,0
3265,Lincoln Air National Guard,,GDQ,United States,0
3266,Lincoln Airlines,,LRT,Australia,0
3267,Lindsay Aviation,,LSY,United States,0
3268,Linea Aerea Costa Norte,,NOT,Chile,0
3269,Linea Aerea Mexicana de Carga,,LMC,Mexico,0
327,Air Nostrum,YW,ANE,Spain,1
3270,Linea Aerea SAPSA,L7,LNP,Chile,0
3271,Linea Aerea de Fumig Aguas Negras,,NEG,Chile,0
3272,Linea Aerea de Servicio Ejecutivo Regional,8z,LER,Venezuela,0
3273,Linea De Aeroservicios,,LSE,Chile,0
3274,Linea Turistica Aerotuy,LD,TUY,Venezuela,0
3275,Lineas Aereas Alaire S.L.,,ALR,Spain,0
3276,Lineas Aereas Azteca,ZE,LCD,Mexico,0
3277,Lineas Aereas Canedo LAC,,LCN,Bolivia,0
3278,Lineas Aereas Comerciales,,LCM,Mexico,0
3279,Lineas Aereas Ejectuivas De Durango,,EDD,Mexico,0
328,Air Niugini,PX,ANG,Papua New Guinea,1
3280,Lineas Aereas Eldorado,,EDR,Colombia,0
3281,Lineas Aereas Federales,,FED,Argentina,0
3282,Lineas Aereas Monarca,,LMN,Mexico,0
3283,Lineas Aereas San Jose,,LIJ,Mexico,0
3284,Lineas Aereas del Humaya,,UMA,Mexico,0
3285,Linex,,LEC,Central African Republic,0
3286,Linhas Aereas Santomenses,,SMS,S,0
3287,Linhas A,LM,LAM,Mozambique,1
3288,Link Airways of Australia,,LAW,Australia,0
3289,Lion Air Services,,WGT,United Kingdom,0
329,Air Arabia,G9,ABY,United Arab Emirates,1
3290,Lion Mentari Airlines,JT,LNI,Indonesia,1
3291,Lions-Air,,LEU,Switzerland,0
3292,Lithuanian Air Force,,LYF,Lithuania,0
3293,Little Red Air Service,,LRA,Canada,0
3294,Livingston,LM,LVG,Italy,0
3295,Lloyd Aereo Boliviano,LB,LLB,Bolivia,0
3296,Lnair Air Services,,LNA,Spain,0
3297,Lockheed Air Terminal,,XLG,United States,0
3298,Lockeed Aircraft Corporation,,LAC,United States,0
3299,Lockheed DUATS,,XDD,United States,0
33,Afrinat International Airlines,Q9,AFU,Gambia,0
330,Air Canada,AC,ACA,Canada,1
3300,Lockheed Martin Aeronautics,,CBD,United States,0
3301,Lockheed Martin Aeronautics Company,,LNG,United States,0
3302,Logan Air,,LOG,United Kingdom,0
3303,Lom Praha Flying School,,CLV,Czech Republic,0
3304,Lomas Helicopters,,LMS,United Kingdom,0
3305,London City Airport Jet Centre,,LCY,United Kingdom,0
3306,London Executive Aviation,,LNX,United Kingdom,0
3307,London Flight Centre (Stansted),,LOV,United Kingdom,0
3308,London Helicopter Centres,,LHC,United Kingdom,0
3309,Lone Star Airlines,,LSS,United States,0
331,Airport Bratsk,,BRP,Russia,0
3310,Long Island Airlines,,ORA,United States,0
3311,Longtail Aviation,,LGT,Bermuda,0
3312,Lorraine Aviation,,LRR,France,0
3313,Los Cedros Aviacion,,LSC,Chile,0
3314,Lotus Air,,TAS,Egypt,0
3315,Luchtvaartmaatschappij Twente,,LTW,Netherlands,0
3316,Lucky Air,,LKE,China,0
3317,Luft Carago,,LUT,South Africa,0
3318,Luftfahrt-Vermietungs-Dienst,,LVD,Austria,0
3319,Luftfahrtgesellschaft Walter,HE,LGW,Germany,1
332,Air Wings,,BSB,Moldova,0
3320,Lufthansa,LH,DLH,Germany,1
3321,Lufthansa Cargo,LH,GEC,Germany,1
3322,Lufthansa CityLine,CL,CLH,Germany,1
3323,Lufthansa Systems,L1,,Germany,0
3324,Lufthansa Technik,,LHT,Germany,0
3325,Lufttaxi Fluggesellschaft,DV,LTF,Germany,0
3326,Lufttransport,L5,LTR,Norway,1
3327,Luhansk,,LHS,Ukraine,0
3328,Lund University School of Aviation,,UNY,Sweden,0
3329,Luxair,LG,LGL,Luxembourg,1
333,Air Baltic,BT,BTI,Latvia,1
3330,Luxaviation,,LXA,Luxembourg,0
3331,Luxembourg Air Rescue,,LUV,Luxembourg,0
3332,Luxflight Executive,,LFE,Luxembourg,0
3333,Luxor Air,,LXO,Egypt,0
3334,Luzair,,LUZ,Portugal,0
3335,Lviv Airlines,5V,UKW,Ukraine,0
3336,Lydd Air,,LYD,United Kingdom,0
3337,Lynch Flying Service,,LCH,United States,0
3338,Lynden Air Cargo,L2,LYC,United States,0
3339,Lynx Air International,,LXF,United States,0
334,Alajnihah for Air Transport,,ANH,Libya,0
3340,Lynx Aviation,,LYX,Pakistan,0
3342,L,MJ,LPR,Argentina,1
3343,L,,LAU,Colombia,0
3344,M & N Aviation,,JNH,United States,0
3345,MAC Fotografica,,MCF,Spain,0
3346,MANAG'AIR,,MRG,France,0
3347,MAP-Management and Planung,,MPJ,Austria,0
3348,MAS Airways,,TFG,United Kingdom,0
3349,MasAir,M7,MAA,Mexico,1
335,Air Atlantic (Nig) Limited,,ANI,Nigeria,0
3350,MAT Macedonian Airlines,IN,MAK,Macedonia,1
3351,MCC Aviation,,MCC,South Africa,0
3352,MG Aviacion,,MGA,Spain,0
3353,MIA Airlines,,JLA,Romania,0
3354,MIAT Mongolian Airlines,OM,MGL,Mongolia,1
3355,MIT Airlines,,MNC,Canada,0
3356,MK Airline,,MKA,Ghana,0
3357,MNG Airlines,MB,MNB,Turkey,1
3358,MSR Flug-Charter,,EBF,Germany,0
3359,MTC Aviacion,,MCV,Mexico,0
336,Air Nippon,EL,ANK,Japan,1
3360,Mac Aviation,,MAQ,Spain,0
3361,Mac Dan Aviation Corporation,,MCN,United States,0
3362,MacKnight Airlines,,MTD,Australia,0
3363,Macair Airlines,CC,MCK,Australia,1
3364,Macedonian Airlines,,MCS,Greece,0
3365,Madina Air,,MDH,Libya,0
3366,Maersk,DM,,Denmark,1
3367,Magic Blue Airlines,,MJB,Netherlands,0
3368,Magna Air,,MGR,Austria,0
3369,Mahalo Air,,MLH,United States,0
337,Antares Airtransport,,ANM,ANTARES,0
3370,Mahan Air,W5,IRM,Iran,1
3371,Mahfooz Aviation,M2,MZS,Gambia,0
3372,Maine Aviation,,MAT,United States,0
3373,Majestic Airlines,,MAJ,United States,0
3374,Mak Air,,AKM,Kazakhstan,0
3375,Malagasy Airlines,,MLG,Madagascar,0
3376,Malawi Express,,MLX,Malawi,0
3377,Malaya Aviatsia Dona,,MKK,Russia,0
3378,Malaysia Airlines,MH,MAS,Malaysia,1
3379,Mali Air,,MAE,Austria,0
338,Airnorth,TL,ANO,Australia,1
3380,Mali Air Express,,VXP,Mali,0
3381,Mali Airways,,MTZ,Mali,0
3382,Malila Airlift,,MLC,Democratic Republic of the Congo,0
3383,Mall Airways,,MLS,United States,0
3384,Malmo Aviation,,SCW,Sweden,1
3385,Malmoe Air Taxi,,LOD,Sweden,0
3386,Malmö Aviation,TF,SCW,Sweden,1
3387,Malta Air Charter,R5,MAC,Malta,1
3388,Malta Wings,,MWS,Malta,0
3389,Malév,MA,MAH,Hungary,1
339,Aerol,,ANQ,Colombia,0
3390,Manaf International Airways,,MLB,Burundi,0
3391,Mandala Airlines,RI,MDL,Indonesia,1
3392,Mandarin Airlines,AE,MDA,Taiwan,1
3393,Mango,JE,MNO,South Africa,1
3394,Manhattan Air,,MHN,United Kingdom,0
3395,Manitoulin Air Services,,MTO,Canada,0
3396,Mann Air,,MNR,United Kingdom,0
3397,Mannion Air Charter,,MAN,United States,0
3398,Mantrust Asahi Airways,,MTS,Indonesia,0
3399,Manx Airlines,,MNX,United Kingdom,0
34,Afric'air Express,,AAX,Ivory Coast,0
340,Andes Lineas Aereas,,ANS,Argentina,0
3400,Maple Air Services,,MAD,Canada,0
3401,March Helicopters,,MAR,United Kingdom,0
3402,Marcopolo Airways,,MCP,Afghanistan,0
3403,Marghi Air,,MGI,Nigeria,0
3404,Markair,,MRK,United States,0
3405,Markoss Aviation,,MKO,United Kingdom,0
3406,Mars RK,6V,MRW,Ukraine,0
3407,Marshall Aerospace,,MCE,United Kingdom,0
3408,Marsland Aviation,M7,MSL,Sudan,0
3409,Martin Aviation Services,,XMA,United States,0
341,Air North Charter - Canada,4N,ANT,Canada,1
3410,Martin-Baker,,MBE,United Kingdom,0
3411,Martinair,MP,MPH,Netherlands,1
3412,Martinaire,,MRA,United States,0
3413,Martyn Fiddler Associates,,MFA,United Kingdom,0
3414,Marvin Limited,,MVN,United Kingdom,0
3415,Maryland State Police,,TRP,United States,0
3416,Massachusetts Institute of Technology,,MTH,United States,0
3417,Massey University School of Aviation,,MSY,New Zealand,0
3418,Master Airways,,MSW,Serbia,0
3419,Master Planner,,MPL,United States,0
342,Air Nevada,,ANV,United States,0
3420,Masterjet,,LMJ,Portugal,0
3421,Mastertop Linhas Aereas,Q4,,Brazil,0
3422,Mauria,,MIA,Mauritania,0
3423,Mauritanienne Aerienne Et Navale,,MNV,Mauritania,0
3424,Mauritanienne Air Fret,,MRF,Mauritania,0
3425,Mauritanienne Airways,,MWY,Mauritania,0
3426,Mauritanienne De Transport Aerien,,MDE,Mauritania,0
3427,Maverick Airways,,MVR,United States,0
3428,Mavial Magadan Airlines,H5,MVL,Russia,0
3429,Max Avia,,MAI,Kyrgyzstan,0
343,AOM French Airlines,IW,AOM,France,0
3430,Max Sea Food,,MSF,El Salvador,0
3431,Max-Aviation,,MAX,Canada,0
3432,Maxair,8M,MXL,Sweden,1
3433,Maximus Air Cargo,,MXU,United Arab Emirates,0
3434,Maxjet Airways,MY,MXJ,United States,0
3435,Maxsus-Avia,,MXS,Uzbekistan,0
3436,May Air Xpress,,MXP,United States,0
3437,Maya Island Air,MW,MYD,Belize,1
3438,Mayair,,MYI,Mexico,0
3439,Mbach Air,,MBS,Malawi,0
344,Aviacion Del Noroeste,,ANW,AVINOR,0
3440,McAlpine Helicopters,,MCH,United Kingdom,0
3441,McCall Aviation,,MKL,United States,0
3442,McDonnell Douglas,,DAC,United States,0
3443,McNeely Charter Services,,MDS,United States,0
3444,Med-Trans of Florida,,MEK,United States,0
3445,Medavia Company,,MDM,Malta,0
3446,Medical Air Rescue Services,,MRZ,Zimbabwe,0
3447,Medical Aviation Services,,MCL,United Kingdom,0
3448,Mediterranean Air Freight,,MDF,Greece,0
3449,Mediterranean Airways,,MDY,Egypt,0
345,Air New Zealand,NZ,ANZ,New Zealand,1
3450,Medjet International,,MEJ,United States,0
3451,Mega,,MGK,Kazakhstan,0
3452,Mega Linhas Aereas,,MEL,Brazil,0
3453,Mekong Airlines,,MKN,Cambodia,0
3454,Menajet,IM,MNJ,Lebanon,0
3456,Merchant Express Aviation,,MXX,Nigeria,0
3457,Mercury Aircourier Service,,MEC,United States,0
3458,Meridian,,POV,Ukraine,0
3459,Meridian Air Cargo,,MRD,United States,0
346,Avia Jaynar,,SAP,Kazakhstan,0
3460,Meridian Airlines,,MHL,Nigeria,0
3461,Meridian Aviation,,DSL,United Kingdom,0
3462,Meridian Limited,,MEM,Ukraine,0
3463,Meridiana,IG,ISS,Italy,1
3464,Merlin Airways,,MEI,United States,0
3465,Merpati Nusantara Airlines,MZ,MNA,Indonesia,1
3466,Mesa Airlines,YV,ASH,United States,1
3467,Mesaba Airlines,XJ,MES,United States,1
3468,Meta Linhas A,,MSQ,Brazil,0
3469,Meteorological Research Flight,,MET,United Kingdom,0
347,Aero Servicios Empresariales,,EMS,Mexico,0
3470,Methow Aviation,,MER,United States,0
3471,Metro Business Aviation,,MVI,United Kingdom,0
3472,Metro Express,,MEX,United States,0
3473,Metroflight,,MTR,United States,0
3474,Metrojet,,MTJ,Hong Kong SAR of China,0
3475,Metropix UK,,PIX,United Kingdom,0
3476,Metroplis,,MPS,Netherlands,0
3477,Mex Blue,,MXB,Mexico,0
3478,Mex-Jet,,MJT,Mexico,0
3479,Mexicana de Aviaci,MX,MXA,Mexico,1
348,Alcon Servicios Aereos,,AOA,ALCON,0
3480,Mexico Transportes Aereos,,MXT,Mexico,0
3481,Miami Air Charter,,HUR,United States,0
3482,Miami Air International,GL,BSK,United States,0
3483,Miami Valley Aviation,,OWL,United States,0
3484,Miapet-Avia,,MPT,Armenia,0
3485,Michelin Air Services,,BIB,France,0
3486,Micromatter Technology Solutions,,WIZ,United Kingdom,0
3487,Mid Airlines,,NYL,Sudan,0
3488,Mid-Pacific Airlines,,MPA,United States,0
3489,Midamerica Jet,,MJR,United States,0
349,AVCOM,J6,AOC,Russia,0
3490,Middle East Airlines,ME,MEA,Lebanon,1
3491,Midland Airport Services,,MID,United Kingdom,0
3492,Midline Air Freight,,MFR,United States,0
3493,Midstate Airlines,,MIS,United States,0
3494,Midway Airlines,JI,MDW,United States,1
3495,Midway Express,,FLA,United States,0
3496,Midwest Air Freighters,,FAX,United States,0
3497,Midwest Airlines,YX,MEP,United States,1
3498,Midwest Airlines (Egypt),MY,MWA,Egypt,1
3499,Midwest Aviation,,NIT,United States,0
35,Allegiant Air,G4,AAY,United States,1
350,Aero Vodochody,,AOD,Czech Republic,0
3500,Midwest Aviation Division,,MWT,United States,0
3501,Midwest Helicopters De Mexico,,HTE,Mexico,0
3502,Millardair,,MAB,Canada,0
3503,Millen Corporation,,RJM,United Kingdom,0
3504,Millennium Air,,MLK,Nigeria,0
3505,Miller Flying Services,,MFS,United States,0
3506,Million Air,,OXO,United States,0
3507,Mimino,,MIM,Russia,0
3508,Mina Airline Company,,NAB,Egypt,0
3509,Minair,,OMR,Central African Republic,0
351,Air One Executive,,AOE,Italy,0
3510,Minebea Technologies,,EBE,United States,0
3511,Mines Air Services Zambia,,MAZ,Zambia,0
3512,Miniliner,,MNL,Italy,0
3513,Ministic Air,,MNS,Canada,0
3514,Ministry of Agriculture,,WDG,WATCHDOG,0
3515,Minsk Aircraft Overhaul Plant,,LIR,Belarus,0
3516,Miramichi Air Service,,MIR,Canada,0
3517,Miras,,MIF,Kazakhstan,0
3518,Misr Overseas Airways,,MOS,Egypt,0
3519,Mission Aviation Fellowship,,MAF,Indonesia,0
352,Atair Pty Ltd.,,AOF,South Africa,0
3520,Missionair,,MSN,Spain,0
3521,Missions Gouvernemtales Francaises,,MRN,France,0
3522,Mississippi State University,,BDG,United States,0
3523,Mississippi Valley Airways,,MVA,United States,0
3524,Mistral Air,,MSA,Italy,0
3525,Mobil Oil,,MBO,Canada,0
3526,Mocambique Expresso,,MXE,Mozambique,0
3527,Mofaz Air,,MFZ,Malaysia,0
3528,Moldaeroservice,,MLE,Moldova,0
3529,Moldavian Airlines,2M,MDV,Moldova,1
353,Aero VIP,2D,AOG,Argentina,0
3530,Moldova,,MVG,Moldova,0
3531,Mombasa Air Safari,,RRV,Kenya,0
3532,Monarch Airlines,ZB,MON,United Kingdom,1
3533,Monarch Airlines,,MNH,United States,0
3534,Myway Airlines,8I,,Italy,1
3535,Moncton Flying Club,,MFC,Canada,0
3536,Monde Air Charters,,MDB,United Kingdom,0
3537,Monerrey Air Taxi,,MTI,Mexico,0
3538,Monky Aerotaxis,,MKY,Mexico,0
3539,Montenegro Airlines,YM,MGX,Montenegro,1
354,Aeromundo Ejecutivo,,MUN,Mexico,0
3540,Montserrat Airways,,MNT,Montserrat,0
3541,Mooney Aircraft Corporation,,MNY,United States,0
3542,Morningstar Air Express,,MAL,Canada,1
3543,Morris Air Service,,MSS,United States,0
3544,Morrison Flying Service,,MRO,United States,0
3545,Moskovia Airlines,3R,GAI,Russia,1
3546,Mosphil Aero,,MPI,Philippines,0
3547,Motor Sich,M9,MSI,Ukraine,1
3548,Mount Cook Airlines,NM,NZM,New Zealand,0
3549,Mountain Air Cargo,,MTN,United States,0
355,Aerolinea Muri,,MUR,Mexico,0
3550,Mountain Air Company,N4,MTC,Sierra Leone,0
3551,Mountain Air Express,,PKP,United States,0
3552,Mountain Air Service,,BRR,United States,0
3553,Mountain Bird,,MBI,United States,0
3554,Mountain High Aviation,,MHA,United States,0
3555,Mountain Pacific Air,,MPC,Canada,0
3556,Mountain Valley Air Service,,MTV,United States,0
3557,Mowhawk Airlines,,MOW,United States,0
3558,Mudan Airlines,,MDN,Somali Republic,0
3559,Mudanjiang General Aviation,,CMJ,China,0
356,Astoria,,AOI,ASTORIA,0
3560,Multi Taxi,,MTX,Mexico,0
3561,Multi-Aero,,WBR,United States,0
3562,Multiflight,,MFT,,0
3563,Murmansk Aircompany,,MNZ,Russia,0
3564,Murray Air,,MUA,United States,0
3565,Musrata Air Transport,,MMR,Libya,0
3566,Mustique Airways,,MAW,Barbados,0
3567,My Way Airlines,,MYW,Italy,0
3568,MyTravel Airways,VZ,MYT,United Kingdom,1
3569,Myanma Airways,UB,UBA,Myanmar,1
357,Aero Rent JSC,,NRO,Russia,0
3570,Myanmar Airways International,8M,MMM,Myanmar,1
3571,Myflug,,MYA,Iceland,1
3572,Mytravel Airways,,VKG,Denmark,0
3573,NEL Cargo,,NLG,Ivory Coast,0
3574,NHT Lineas Aereas,,NHG,Brazil,0
3575,NZ Warbirds Association,,WAR,New Zealand,0
3576,Nacoia Lda,,ANL,Angola,0
3577,Nada Air Service,,NHZ,Chad,0
3578,Compangnie Nationale Naganagani,,BFN,Burkina Faso,0
3579,Nahanni Air Services Ltd,,NAH,Canada,0
358,Aeronord-Grup,,NRP,Moldova,0
3580,Nakheel Aviation,,NKL,United Arab Emirates,0
3581,Namibia Commerical Aviation,,MRE,Namibia,0
3582,Namibian Defence Force,,NDF,Namibia,0
3583,Nanjing Airlines,,CNJ,China,0
3584,Nantucket Airlines,DV,ACK,United States,0
3585,Nanyah Aviation,,NYA,Israel,0
3586,Napier Air Service Inc,,NAP,United States,0
3587,Nas Air,,NCM,Angola,0
3588,Nas Air,P9,,Mali,0
3589,Nasair,UE,NAS,Eritrea,1
359,Aeroatlantico Colombia,,AOK,Colombia,0
3590,Nashville Jet Charters,,NJC,United States,0
3591,Natalco Air Lines,,NCO,S,0
3592,Natioanl Air Traffic Controllers Association,,NTK,United States,0
3593,National Air Charter,,NSR,Indonesia,0
3594,National Air Traffic Services,,RFI,United Kingdom,0
3595,National Airlines,,NAN,United States,0
3596,National Airlines,N4,NCN,Chile,0
3597,National Airlines,N7,ROK,United States,0
3598,National Airlines,NA,NAL,United States,0
3599,National Airlines,,KUS,South Africa,0
36,Angus Aviation,,AAZ,Canada,0
360,Angkor Airlines,,AOL,Cambodia,0
3600,National Airways Cameroon,9O,,Cameroon,0
3601,National Airways Corporation,,LFI,South Africa,0
3602,National Aviation Company,,GTY,Egypt,0
3603,National Aviation Consultants,,TNC,Canada,0
3604,National Express,,NXT,United States,0
3605,National Grid,,GRD,United Kingdom,0
3606,National Jet Express,,JTE,Australia,0
3607,National Jet Service,,AND,United States,0
3608,National Jet Systems,NC,NJS,Australia,1
3609,National Oceanic and Atmospheric Administration,,NAA,United States,0
361,Aero Entreprise,,AON,France,0
3610,National Overseas Airlines Company,,NOL,Egypt,0
3611,Nationale Luchtvaartschool,,NLS,Netherlands,0
3612,Nations Air Express Inc,,NAE,United States,0
3613,Nationwide Airlines,CE,NTW,South Africa,1
3614,Nationwide Airlines (Zambia),,NWZ,Zambia,0
3615,Natural Environment Research Council,,EVM,United Kingdom,0
3616,Natureair,,NRR,Costa Rica,0
3617,Naturelink Charter,,NRK,South Africa,0
3618,Nauru Air Corporation,ON,RON,Nauru,1
3619,NAV CANADA,,NVC,Canada,0
362,As,,AOO,COMPANY AS,0
3620,Nav Flight Planning,,NAV,Czech Republic,0
3621,Navegacao Aerea De Portugal,,NVP,Portugal,0
3622,Navegacion Servicios Aereos Canarios SA,,NAY,Spain,0
3623,Navid,,IRI,Iran,0
3624,Naviera Mexicana,,NVM,Mexico,0
3625,Navigator Airlines,,NVL,Armenia,0
3626,Navinc Airlines Services,,XNV,United States,0
3627,Navitaire,1N,,United States,0
3628,Navtech System Support,,XNS,Canada,0
3629,Nayzak Air Transport,,NZA,Libya,0
363,Aeropiloto,,AOP,Portugal,0
3630,State of Nebraska,,NEB,United States,0
3631,Necon Air,,NEC,Nepal,0
3632,Nederlandse Kustwacht,,NCG,Netherlands,0
3633,Nefteyugansk Aviation Division,,NFT,Russia,0
3634,Neiltown Air,,NLA,Canada,0
3635,Nelair Charters,,NLC,South Africa,0
3636,Nelson Aviation College,,CGE,New Zealand,0
3637,Nepal Airlines,RA,RNA,Nepal,1
3638,Neos,NO,NOS,Italy,0
3639,Neosiam Airways,,TOX,Thailand,0
364,Aeroenlaces Nacionales,,VIV,Mexico,0
3640,Neric,,NSL,United Kingdom,0
3641,NetJets,1I,EJA,United States,1
3642,Network Aviation Services,,NET,Nigeria,0
3643,New England Air Express,,NEZ,United States,0
3644,New England Airlines,EJ,NEA,United States,1
3645,New Heights 291,,NHT,South Africa,0
3646,New World Jet Corporation,,NWD,United States,0
3647,New York Helicopter,,NYH,United States,0
3648,New York State Police,,GRY,United States,0
3649,New Zealand Air Defence Force,,KRC,New Zealand,0
365,Aerovis Airlines,,VIZ,Ukraine,0
3650,Newair,,HVA,United States,0
3651,Newfoundland Labrador Air Transport,,NLT,Canada,0
3652,NextJet,2N,NTJ,Sweden,1
3653,Nextflight Aviation,,NXF,United States,0
3654,Nexus Aviation,,NXS,Nigeria,0
3655,Nicaraguense De Aviacion,,NIS,Nicaragua,0
3656,Nicon Airways,,NCN,Nigeria,0
3657,Nigeria Airways,,NGA,Nigeria,0
3658,Nigerian Air Force,,NGR,Nigeria,0
3659,Nigerian Global,,NGX,Nigeria,0
366,Avjet International (FZE),,VJE,United Arab Emirates,0
3660,Night Express,,EXT,Germany,0
3661,Niki,HG,NLY,Austria,1
3662,Nikolaev-Air,,NKV,Ukraine,0
3663,Nile Safaris Aviation,,NSA,Sudan,0
3664,Nile Valley Aviation Company,,NVA,Egypt,0
3665,Nile Wings Aviation Services,,NLW,Sudan,0
3666,Nimbus Aviation,,NBS,United Kingdom,0
3667,Nippon Cargo Airlines,KZ,NCA,Japan,0
3668,Nizhnevartovskavia,,NVK,Russia,0
3669,Search and Rescue 202,,SRG,United Kingdom,0
367,Aerovista Gulf Express,,VGF,United Arab Emirates,0
3670,Search and Rescue 22,,SRD,United Kingdom,0
3671,No. 32 (The Royal) Squadron RAF,,NOH,United Kingdom,0
3672,84 Squadron Royal Air Force @ RAF Akrotiri,,AKG,United Kingdom,0
3673,Nobil Air,,NBL,Moldova,0
3674,Nok Air,DD,NOK,Thailand,1
3675,Nolinor Aviation,,NRL,Canada,0
3676,Nomad Aviation,,NMD,Namibia,0
3677,Norcopter,,NOC,Norway,0
3678,Nord-Flyg,,NEF,Sweden,0
3679,Nordeste Linhas Aereas Regionais,JH,NES,Brazil,0
368,Air Vegas,6V,VGA,United States,0
3680,Nordic Regional,6N,NRD,Sweden,0
3681,Nordic Solutions,,NVD,Lithuania,0
3682,Nordstree (Australia),,NDS,Australia,0
3683,Norestair,,NRT,Spain,0
3684,Norfolk County Flight College,,NCF,United Kingdom,1
3685,Norontair,,NOA,Canada,0
3686,Norrlandsflyg,,HMF,Sweden,0
3687,Norse Air Charter,,NRX,South Africa,0
3688,Norsk Flyrjeneste,,NIR,Norway,0
3689,Norsk Helikopter,,NOR,Norway,0
369,Almaver,,VER,Mexico,0
3690,Norsk Luftambulanse,,DOC,Norway,0
3691,Nortavia,,RTV,Portugal,0
3692,North Adria Aviation,,NAI,Croatia,0
3693,North American Airlines,,NTM,Canada,1
3694,North American Charters,,HMR,Canada,1
3695,North American Jet Charter Group,,NAJ,United States,0
3696,North Atlantic Air Inc,,NAT,United States,0
3697,North Atlantic Cargo,,NFC,Norway,0
3698,North British Airlines,,NBN,United Kingdom,0
3699,North Caribou Flying Service Ltd,,NCB,Canada,0
37,Artem-Avia,,ABA,Ukraine,0
370,Afro International Ent. Limited,,AOR,Nigeria,0
3700,North Coast Air Services Ltd,,NCC,Canada,0
3701,North Coast Aviation,N9,,Papua New Guinea,0
3702,North Flying,M3,NFA,Denmark,0
3703,North Sea Airways,,NRC,Netherlands,0
3704,North Star Air Cargo,,SBX,United States,0
3705,North Vancouver Airlines,,NRV,Canada,0
3706,North West Airlines,,NWW,Australia,0
3707,North West Geomatics,,PTO,Canada,0
3708,North-East Airlines,,NEN,Nigeria,0
3709,North-West Air Transport Company - Vyborg,,VBG,Russia,0
371,Alitalia Express,XM,SMX,Italy,1
3710,North-Wright Airways,HW,NWL,Canada,0
3711,Northafrican Air Transport,,NLL,Libya,0
3712,Northaire Feight Lines,,NFL,United States,0
3713,Northamptonshire School of Flying,,NSF,United Kingdom,0
3714,Northcoast Executive Airlines,,NCE,United States,0
3715,Northeast Airlines,,NEE,United States,0
3716,Northeast Aviation,,NPX,United States,0
3717,Northern Air Cargo,NC,NAC,United States,0
3718,Northern Airlines Sanya,,BYC,China,0
3719,Northern Airways,,NDA,United States,0
372,Asia Overnight Express,OE,AOT,Philippines,0
3720,Northern Aviation Service,,CMU,Thailand,0
3721,Northern Dene Airways,U7,,Canada,1
3722,Northern Executive Aviation,,NEX,United Kingdom,0
3723,Northern Illinois Commuter,,NIC,United States,0
3724,Northern Jet Management,,NTX,United States,0
3725,Northern Thunderbird Air,,NTA,Canada,0
3726,Northland Aviation,,KOE,United States,0
3727,Northstar Aviation,,NSS,United States,0
3728,Northumbria Helicopters,,NHL,United Kingdom,0
3729,Northway Aviation Ltd,,NAL,Canada,0
373,Air Tractor,,AOU,Croatia,0
3730,Northwest Aero Associates,,NWE,United States,0
3731,Northwest Airlines,NW,NWA,United States,1
3732,Northwest Regional Airlines,FY,NWR,Australia,0
3733,Northwest Territorial Airways,,NWT,Canada,0
3734,Northwestern Air,J3,PLR,Canada,1
3735,Northwinds Northern,,NWN,Canada,0
3736,Nortland Air Manitoba,,NAM,Canada,0
3737,Norwegian Air Shuttle,DY,NAX,Norway,1
3738,Norwegian Aviation College,,TFN,Norway,1
3739,Notams International,,XNT,United States,0
374,Aero Vision,,AOV,France,0
3740,Nouvel Air Tunisie,BJ,LBT,Tunisia,1
3741,Nova Airline,M4,NOV,Sudan,0
3742,Nova Scotia Department of Lands and Forests,,PTR,Canada,0
3743,Novair,1I,NVR,Sweden,1
3744,Novogorod Air Enterprise,,NVG,Russia,0
3745,Novosibirsk Aircraft Repairing Plant,,NSP,Russia,0
3746,Novosibirsk Aviaenterprise,,NBE,Russia,0
3747,Novosibirsk Aviation Production Association,,NPO,Russia,0
3748,Noy Aviation,,NOY,Israel,0
3749,Nuevo Continente,N6,ACQ,Peru,0
375,Aerotaxi Del Valle,,AOX,Colombia,0
3750,Nuevo Horizonte Internacional,,NHR,Mexico,0
3751,Nunasi-Central Airlines,,NUN,Canada,0
3752,Nurman Avia Indopura,,NIN,Indonesia,0
3753,Nyasa Express,,NYS,Malawi,0
3754,Nas Air,XY,KNE,Saudi Arabia,1
3755,O Air,,OCN,France,0
3756,O'Connor Airlines,UQ,OCM,Australia,0
3757,OAG,CR,,United Kingdom,0
3758,OSACOM,,JPA,United States,0
3759,Oasis Hong Kong Airlines,O8,OHK,Hong Kong,1
376,Air Park Aviation Ltd.,,APA,Canada,0
3760,Ocean Air,,BCN,Mauritania,1
3761,Ocean Airlines,VC,VCX,Italy,0
3762,Ocean Sky (UK),,OCS,United Kingdom,0
3763,Ocean Wings Commuter Service,,TUK,United States,0
3764,Oceanair,O6,ONE,Brazil,1
3765,Oceanic Airlines,O2,,Guinea,1
3766,Odessa Airlines,,ODS,Ukraine,0
3767,Odyssey International,,ODY,Canada,0
3768,Office Federal De'Aviation Civile,,FOC,Switzerland,0
3769,Ogooue Air Cargo,,GBO,Gabon,0
377,Airpac Airlines,,APC,AIRPAC,0
3770,Okada Airlines,,OKJ,Nigeria,0
3771,Okapi Airways,,OKP,Democratic Republic of Congo,0
3772,Okay Airways,,OKA,China,0
3773,Oklahoma Department of Public Safety,,OKL,United States,0
3774,Olimex Aerotaxi,,OLX,Czech Republic,0
3775,Olimp Air,,KVK,Kazakhstan,0
3776,Olympic Airlines,OA,OAL,Greece,1
3777,Olympic Aviation,,OLY,Greece,0
3778,Oman Air,WY,OMA,Oman,1
3779,Oman Royal Flight,,ORF,Oman,0
378,Aeroservicios Monterrey,,SVM,Mexico,0
3780,Omni - Aviacao e Tecnologia,,OAV,Portugal,0
3781,Omni Air International,OY,OAE,United States,1
3782,Omniflys,,OMF,Mexico,0
3783,Omskavia Airline,N3,OMS,Russia,0
3784,On Air Limited,,ORL,Canada,0
3785,One Two Go Airlines,,OTG,Thailand,1
3786,Onetime Airlines Zambia,,OTM,Zambia,0
3787,Ontario Ministry of Health,,MED,Canada,0
3788,Onur Air,8Q,OHY,Turkey,1
3789,Opal Air,,OPA,Australia,0
379,Amapola Flyg AB,,APF,Sweden,0
3790,Open Sky Aviation,,OSA,Lebanon,0
3791,OpenSkies,,BOS,United Kingdom,0
3792,Operadora Turistica Aurora,,ORR,Mexico,0
3793,Operadora de Lineas Ejecutivas,,OLE,Mexico,0
3794,Operadora de Transportes Aereos,,OTP,Mexico,0
3795,Operadora de Veulos Ejectutivos,,OPV,Mexico,0
3796,Operation Enduring Freedom,,LLO,Canada,0
3797,Operational Aviation Services,,OAX,Australia,0
3798,Orange Air Services,,ORD,Sierra Leone,0
3799,Orange Air Sierra Leone,,ORJ,Sierra Leone,0
38,African Business and Transportations,,ABB,Democratic Republic of the Congo,0
380,Air People International,,APG,Thailand,0
3800,Orange Aviation,,ORE,Israel,0
3801,Orbit Express Airlines,,ORX,Turkey,0
3802,Orca Air,,ORK,Egypt,0
3803,Orebro Aviation,,BUE,Sweden,0
3804,Orel State Air Enterprise,,ORM,Russia,0
3805,Orenburg Airlines,R2,ORB,Russia,1
3806,Organizacion De Transportes Aereos,,OTA,Mexico,0
3807,Organizacoes Mambra,,OML,Angola,0
3808,Orient Air,,OVV,Syrian Arab Republic,0
3809,Orient Airlines,,OTR,Sudan,0
381,Alpha Aviation,,APH,AIRFLIGHT,0
3810,Orient Airways,,ORN,Pakistan,0
3811,Orient Thai Airlines,OX,OEA,Thailand,1
3812,Oriental Air Bridge,,NGK,Japan,0
3813,Oriental Airlines,,OAC,Nigeria,0
3814,Origin Pacific Airways,QO,OGN,New Zealand,1
3815,Orion Air Charter,,OED,South Africa,0
3816,Orion-x,,OIX,Russia,0
3817,Orlan-2000,,KOV,Kazakhstan,0
3818,Ornage Aircraft Leasing,,RNG,Netherlands,0
3819,Orscom Tourist Installations Company,,OAD,Egypt,0
382,ASA Pesada,,API,ASA PESADA,0
3820,Osh Avia,,OSH,Kyrgyzstan,0
3821,Ostend Air College,,OCO,Belgium,0
3822,Ostfriesische Lufttransport,OL,OLT,Germany,1
3823,Oulun Tilauslento,,FNL,Finland,0
3824,Our Airline,ON,RON,Nauru,0
3825,Out Of The Blue Air Safaris,,OOT,South Africa,0
3826,Overland Airways,OJ,OLA,Nigeria,1
3827,Oxaero,,OXE,United Kingdom,0
3828,Oxford Air Services,,WDK,United Kingdom,0
3829,Oxley Aviation,,OAA,Australia,0
383,Air Print,,APJ,AIR PRINT,0
3830,Ozark Air Lines,OZ,OZR,United States,0
3831,Ozjet Airlines,O7,OZJ,Australia,1
3832,P & P Floss Pick Manufacturers,,KTL,South Africa,0
3833,PAC Air,,PCR,United States,0
3834,PAN Air,PV,PNR,Spain,1
3835,PB Air,9Q,PBA,Thailand,1
3836,PDQ Air Charter,,PDQ,United States,0
3837,PHH Aviation System,,XAS,United States,0
3838,PLM Dollar Group,,PDG,United Kingdom,0
3839,PLUNA,PU,PUA,Uruguay,1
384,Atlantic Airlines,,BJK,United States,0
3840,PMTair,U4,PMT,Cambodia,1
3841,PRT Aviation,,PRP,Spain,0
3842,PSA Airlines,,JIA,United States,0
3843,PTL Luftfahrtunternehemen,,KST,Germany,0
3844,Paccair,,WIS,United States,0
3845,Pace Airlines,Y5,PCE,United States,0
3846,Pacific Air Boats,,PAB,Canada,0
3847,Pacific Air Charter,,PRC,United States,0
3848,Pacific Air Express,,PCF,United States,0
3849,Pacific Air Transport,,PXP,United States,0
385,Aerotransporte Petrolero,,PET,Colombia,0
3850,Jetstar Pacific,BL,PIC,Vietnam,1
3851,Pacific Alaska Airlines,,PAK,United States,0
3852,Pacific Aviation (Australia),,PCV,Australia,0
3853,Pacific Aviation (United States),,PCX,United States,0
3854,Pacific Blue,DJ,PBN,New Zealand,0
3855,Pacific Coast Airlines,,PQA,United States,0
3856,Pacific Coastal Airline,8P,PCO,Canada,1
3857,Pacific East Asia Cargo Airlines,Q8,PEC,Philippines,1
3858,Pacific Flight Services,,PFA,Singapore,0
3859,Pacific International Airlines,,PIN,United States,0
386,Aero Flight,GV,ARF,Germany,1
3860,Pacific Island Aviation,,PSA,United States,1
3861,Pacific Jet,,PCJ,United States,0
3862,Pacific Pearl Airways,,PPM,Philippines,0
3863,Pacific Rim Airways,,PAR,Australia,0
3864,Pacific Southwest Airlines,PS,PSX,United States,0
3865,Pacific Wings,LW,NMI,United States,1
3866,Pacificair,GX,,Philippines,0
3867,Pacificair Airlines,,PFR,United States,0
3868,Package Express,,RCY,United States,0
3869,Paisajes Espanoles,,PAE,Spain,0
387,ACM Aviation,,BJT,United States,0
3870,Pak West Airlines,,PKW,United States,0
3871,Pakistan International Airlines,PK,PIA,Pakistan,1
3872,Pakker Avio,,PKR,Estonia,0
3873,Pal Aerolineas,,LPA,Mexico,0
3874,Palau Asia Pacific Airlines,,PPC,Palau,0
3875,Palau Trans Pacific Airline,GP,PTP,Palau,0
3876,Palestinian Airlines,PF,PNW,Egypt,0
3877,Palmer Aviation,,JSP,United Kingdom,0
3878,Pamir Airways,NR,PIR,Afghanistan,0
3879,Pan African Air Services,,PFN,Sierra Leone,0
388,Aircompany Barcol,,BKL,Russia,0
3880,Pan African Airways,,ODM,Kenya,0
3881,Pan Air,,PAX,United States,0
3882,Pan Am Weather Systems,,XPA,United States,0
3883,Pan Am World Airways,,PWD,Dominican Republic,0
3885,Pan American Airways,PA,PAA,United States,0
3886,Pan American World Airways,PA,PAA,United States,0
3887,Pan Europeenne Air Service,,PEA,France,0
3888,Pan Havacilik Ve Ticaret,,PHT,Turkey,0
3889,Pan Malaysian Air Transport,,PMA,Malaysia,0
389,All Charter Limited,,BLA,United Kingdom,0
3890,Pan-Air,,PNC,Mexico,0
3891,Panafrican Airways,PQ,PNF,Ivory Coast,0
3892,Panagra Airways,,PGI,United States,0
3893,Panamedia,,PEI,Spain,0
3894,Panavia,,PVI,Panama,0
3895,Panh,,PNH,Russia,0
3896,Pannon Air Service,,PHU,Hungary,0
3897,Panorama,,PNM,Spain,0
3898,Panorama Air Tour,,PAH,United States,0
3899,Panorama Flight Service,,AFD,United States,0
39,Aban Air,K5,ABE,Iran,0
390,Appalachian Flying Service,,APL,APPALACHIAN,0
3900,Pantanal Linhas Aéreas,P8,PTN,Brazil,0
3901,Papair Terminal,,HMP,Haiti,0
3902,Paradise Airways,,PAI,United States,0
3903,Paradise Island Airways,,PDI,United States,0
3904,Paragon Air Express,,PGX,United States,0
3905,Paragon Global Flight Support,,PGF,United Kingdom,0
3906,Paramount Airlines,,PRR,Sierra Leone,0
3907,Paramount Airways,I7,PMW,India,1
3908,Parcel Express,,APE,United States,0
3909,Pariz Air,,IRE,Iran,0
391,Airpac,,APM,ALASKA PACIFIC,0
3910,Pars Aviation Service,,PRA,Iran,0
3911,Parsa,,PST,Panama,0
3912,Parsons Airways Northern,,FAP,Canada,0
3913,Pascan Aviation,,PSC,Canada,0
3914,Passaredo Transportes Aereos,,PTB,Brazil,1
3915,Patria Cargas Aereas,,PTC,Argentina,0
3916,Patriot Aviation Limited,,BYT,United Kingdom,0
3917,Patterson Aviation Company,,ETL,United States,0
3918,Pawan Hans,,PHE,India,0
3919,Payam Air,,IRP,Iran,0
392,Aeropro,,APO,Canada,0
3920,Peach Air,,KGC,United Kingdom,0
3921,Pearl Air,,PRL,Pakistan,0
3922,Pearl Air Services,,PBY,Uganda,0
3923,Pearl Airways,HP,HPA,Haiti,0
3924,Peau Vava%Gʻ%@u,,PVU,Tonga,0
3925,Pecotox Air,,PXA,Moldova,0
3926,Pegasus Airlines,PC,PGT,Turkey,1
3927,Pegasus Aviation,,PEV,Greece,0
3928,Pegasus Hava Tasimaciligi,1I,,Turkey,0
3929,Pegasus Helicopters,,HAK,Norway,0
393,Aerolineas Pacifico Atlantico,,APP,AEROPERLAS,0
3930,Pelican Air Services,,PDF,South Africa,0
3931,Pelican Express,,PEX,United States,0
3932,Pelita Air Service,,PAS,Indonesia,0
3933,Pem-Air,,PEM,Canada,0
3934,Pen-Avia,,PDY,United Kingdom,0
3935,Peninsula Airways,KS,PEN,United States,1
3936,Peninter Aerea,,PNE,Mexico,0
3937,Penya De L'Aire,,PCA,Spain,0
3938,Peran,,CVT,Kazakhstan,0
3939,Perforadora Central,,PCC,Mexico,0
394,Aspen Aviation,,APQ,United States,0
3940,Perimeter Aviation,,PAG,Canada,0
3941,Perm Airlines,P9,PGP,Russia,0
3942,Personas Y Pasquetes Por Air,,PPQ,Mexico,0
3943,Peruvian Air Force,,FPR,Peru,0
3944,Peruvian Navy,,INP,Peru,0
3945,Petroleos Mexicanos,,PMX,Mexico,0
3946,Petroleum Helicopters,,PHM,United States,0
3947,Petroleum Helicopters de Colombia,,PHC,Colombia,0
3948,Petropavlovsk-Kamchatsk Air Enterprise,,PTK,Russia,0
3949,Petty Transport,,PTY,United States,0
395,Aeropuma,,APU,AEROPUMA,0
3950,Phenix Aviation,,PHV,France,0
3951,Phetchabun Airline,,PMY,Thailand,0
3952,Philippine Airlines,PR,PAL,Philippines,1
3953,Philips Aviation Services,,PHI,Netherlands,0
3954,Phillips Air,,BCH,United States,0
3955,Phillips Alaska,,PDD,United States,0
3956,Phillips Michigan City Flying Service,,PHL,United States,0
3957,Phoebus Apollo Aviation,,PHB,South Africa,0
3958,Phoebus Apolloa Zambia,,KZM,Zambia,0
3959,Phoenix Air Group,,PHA,United States,0
396,Air Plan International,,APV,Democratic Republic of the Congo,0
3960,Phoenix Air Lines,,PHN,Brazil,0
3961,Phoenix Air Service,,PAM,Germany,0
3962,Phoenix Air Transport,,PPG,United States,0
3963,Phoenix Airline Services,,WDY,United States,0
3964,Phoenix Airways,HP,,Switzerland,0
3965,Phoenix Avia,,PHY,Armenia,0
3966,Phoenix Aviation,,PHG,Kyrgyzstan,0
3967,Phoenix Flight Operations,,XPX,United States,0
3968,Phuket Air,9R,VAP,Thailand,0
3969,Piedmont Airlines (1948-1989),PI,PDT,United States,1
397,Arrow Air,JW,APW,United States,1
3970,Pilatus Flugzeugwerke,,PCH,Switzerland,0
3971,Pilatus PC-12 Center De Mexico,,PLU,Mexico,0
3972,Pimichikamac Air,,MKS,Canada,0
3973,Pineapple Air,,PNP,Bahamas,0
3974,Pinframat,,PIM,Angola,0
3975,Pinnacle Air Group,,PCL,United States,0
3976,Pinnacle Airlines,9E,FLG,United States,1
3977,Pioneer Airlines,,PIO,United States,0
3978,Pioneers Limited,,PER,Pakistan,0
3979,Pirinair Express,,PRN,Spain,0
398,Apex Air Cargo,,APX,United States,0
3980,Planar,,PLN,Angola,0
3981,Planemaster Services,,PMS,United States,0
3982,Planet Airways,,PLZ,United States,0
3983,Players Air,,PYZ,United States,0
3984,Ploizeihubschrauberstaffel Hamburg,,LIB,Germany,0
3985,Plymouth School of Flying,,PSF,United Kingdom,0
3986,Pocono Air Lines,,POC,United States,0
3987,Podilia-Avia,,PDA,Ukraine,0
3988,Point Afrique Niger,,PAZ,Niger,0
3989,Point Airlines,,RMI,Nigeria,0
399,APA Internacional,,APY,Dominican Republic,0
3990,Pointair Burkina,,PAW,Burkina Faso,0
3991,Points of Call Airlines,,PTS,Canada,0
3992,Polar Air Cargo,PO,PAC,United States,0
3993,Polar Airlines de Mexico,,PMO,Mexico,0
3994,Polestar Aviation,,PSR,United Kingdom,0
3995,Polet,,POT,Russia,1
3996,Police Aux Frontiers,,POF,France,0
3997,Police Aviation Services,,PLC,United Kingdom,0
3998,Polish Air Force,,PLF,Poland,0
3999,Polish Navy,,PNY,Poland,0
4,2 Sqn No 1 Elementary Flying Training School,,WYT,United Kingdom,0
40,Aerial Oy,,ABF,Finland,0
400,Aeroatlas,,AQA,ATCO,0
4000,Polizeifliegerstaffel Nordrhein-Westfalen,,NRW,Germany,0
4001,Polizeihibschrauberstaffel Neidersachsen,,PPH,Germany,0
4002,Polizeihuberschrauberstaffel Sachsen-Anhalt,,PIK,Germany,0
4003,Polizeihubschrafterstaffel Rheinland-Pfalz,,SRP,Germany,0
4004,Polizeihubschrauberstaffel Baden-Wurtemberg,,PBW,Germany,0
4005,Polizeihubschrauberstaffel Bayern,,EDL,Germany,0
4006,Polizeihubschrauberstaffel Brandenburg,,PBB,Germany,0
4007,Polizeihubschrauberstaffel Hessen,,PHH,Germany,0
4008,Polizeihubschrauberstaffel Mecklenburg-Vorpommern,,PMV,Germany,0
4009,Polizeihubschrauberstaffel Sachsen,,PHS,Germany,0
401,Aquila Air Ltd.,,AQL,Canada,0
4010,Polizeihubschrauberstaffel Thuringen,,HBT,Germany,0
4011,Polo Aviation,,CUK,United Kingdom,0
4012,Polynesian Air-Ways,,PLA,United States,0
4013,Polynesian Airlines,PH,PAO,Samoa,1
4014,Polynesian Blue,DJ,PLB,New Zealand,0
4015,Polyot Sirena,1U,,Russia,0
4016,Pond Air Express,,PND,United States,0
4017,Pont International Airline Services,,PSI,Suriname,0
4018,Pool Aviation,,PLX,United Kingdom,0
4019,Port Townsend Airways,,PTQ,United States,0
402,Air Queensland,,AQN,Australia,0
4020,Porteadora De Cosola,,POR,Mexico,0
4021,Porter Airlines,PD,POE,Canada,1
4022,Portugalia,NI,PGA,Portugal,1
4023,Portuguese Air Force,,AFP,Portugal,0
4024,Portuguese Army,,POA,Portugal,0
4025,Portuguese Navy,,PON,Portugal,0
4026,Potomac Air,BK,PDC,United States,1
4027,Potosina Del Aire,,PSN,Mexico,0
4028,Powell Air,,PWL,Canada,0
4029,Prairie Flying Service,,PFS,United States,0
403,Aluminum Company Of America,,AQO,United States,0
4030,Pratt and Whitney Canada,,PWC,Canada,0
4031,Precision Air,PW,PRF,Tanzania,1
4032,Precision Airlines,,PRE,United States,0
4033,Premiair,,BAT,Luxembourg,0
4034,Premiair Aviation Services,,PGL,United Kingdom,0
4035,Premiair Fliyng Club,,PME,United Kingdom,0
4036,Premium Air Shuttle,,EMI,Nigeria,0
4037,Premium Aviation,,PMU,Germany,0
4038,Presidence Du Faso,,BFA,Burkina Faso,0
4039,Presidencia de La Republica de Guinea Ecuatorial,,ONM,Equatorial Guinea,0
404,Aviones de Renta de Quintana Roo,,AQT,AVIOQUINTANA,0
4040,President Airlines,TO,PSD,Cambodia,0
4041,Presidential Aviation,,PRD,United States,0
4042,Priester Aviation,,PWA,United States,0
4043,Primair,,PMM,Russia,0
4044,Primaris Airlines,FE,WCP,United States,0
4045,Primas Courier,,PMC,United States,0
4046,Primavia Limited,,CRY,United Kingdom,0
4047,Prime Air,,PRM,United States,0
4048,Prime Aviation,,PKZ,Kazakhstan,0
4049,Prince Edward Air,,CME,Canada,0
405,AirQuarius Aviation,,AQU,South Africa,0
4050,Princely Jets,,PJP,Pakistan,0
4051,Princess Air,8Q,,,0
4052,Princeton Aviation Corporation,,PCN,United States,0
4053,Priority Air Charter,,PRY,United States,0
4054,Priority Air Transport,,PAT,United States,0
4055,Priority Aviation Company,,BCK,United States,0
4056,Privatair,,PTI,Switzerland,1
4057,Private Jet Expeditions,,PJE,United States,0
4058,Private Jet Management,,PJA,United States,0
4059,Private Wings Flugcharter,8W,PWF,Germany,0
406,Aerodyne Charter Company,,AQZ,United States,0
4060,Privilege Style L,,PVG,Spain,0
4061,Pro Air,,PRH,United States,0
4062,Pro Air Service,,PSZ,United States,0
4063,Probiz Guinee,,GIY,Guinea,0
4064,Professional Express Courier Service,,PAD,United States,0
4065,Professione VOlare,,PVL,Italy,0
4066,Proflight Commuter Services,P0,,Zambia,1
4067,Promotora Industria Totolapa,,PTT,Mexico,0
4068,Propair,,PRO,Canada,0
4069,Propflight Air Services,,PFZ,Zambia,0
407,Arik Air,W3,ARA,Nigeria,0
4070,Propheter Aviation,,PPA,United States,0
4071,Proteus Helicopteres,,PTH,France,0
4072,Providence Airline,,PTL,United States,0
4073,Providence Aviation Services,,AWD,Pakistan,0
4074,Provincial Airlines,,SPR,Canada,0
4075,Provincial Express,,PRV,Canada,0
4076,Pskovavia,,PSW,Russia,0
4077,Psudiklat Perhubungan Udara/PLP,,UDA,Indonesia,0
4078,Ptarmigan Airways,,PTA,Canada,0
4079,Publiservicios Aereos,,PSP,Mexico,0
408,Avia Air N.V.,,ARB,Aruba,0
4080,Publivoo,,PUV,Portugal,0
4081,Puerto Rico National Guard,,PNG,United States,0
4082,Puerto Vallarta Taxi Aereo,,TXV,Mexico,0
4083,Pulkovo Aircraft Services,,PGH,Russia,0
4084,Puma Linhas Aereas,,PLY,Brazil,0
4085,Puntavia Air Services,,PTV,Djibouti,0
4086,Punto Fa,,MGO,Spain,0
4087,Pyramid Air Lines,,PYR,Egypt,0
4088,Qanot Sharq,,QNT,Uzbekistan,0
4089,Qantas,QF,QFA,Australia,1
409,Air Routing International Corp.,,ARC,United States,0
4090,Qatar Air Cargo,,QAC,Qatar,0
4091,Qatar Airways,QR,QTR,Qatar,1
4092,Qatar Amiri Flight,,QAF,Qatar,0
4093,Qeshm Air,,IRQ,Iran,0
4094,Quantex Environmental,,QTX,Canada,0
4095,Quebec Government Air Service,,QUE,Canada,0
4096,Queen Air,,QNA,Dominican Republic,0
4097,Quest Diagnostics,,LBQ,United States,0
4098,Quick Air Jet Charter,,QAJ,Germany,0
4099,Quick Airways Holland,,QAH,Netherlands,0
41,Abakan-Avia,,ABG,Russia,0
410,Aerocondor,2B,ARD,Portugal,1
4100,Quisqueya Airlines,,QAS,Haiti,0
4101,Qurinea Air Service,,QAQ,Libya,0
4102,Qwest Commuter Corporation,,QCC,United States,0
4103,Qwestair,,QWA,Australia,0
4104,Qwila Air,,QWL,South Africa,0
4105,RA Jet Aeroservicios,,RJT,Mexico,0
4106,RACSA,R6,,Guatemala,1
4107,RAF Barkston Heath,,BKH,United Kingdom,0
4108,Church Fenton Flying Training Unit,,CFN,United Kingdom,0
4109,Coltishall Flying Training Unit,,COH,United Kingdom,0
411,Aires,4C,ARE,,1
4110,Coningsby Flying Training Unit,,CBY,United Kingdom,0
4111,Cottesmore Flying Training Unit,,COT,United Kingdom,0
4112,Cranwell Flying Training Unit,,CWL,United Kingdom,0
4113,Kinloss Flying Training Unit,,KIN,United Kingdom,1
4114,Leeming Flying Training Unit,,LEE,United Kingdom,0
4115,RAF Leuchars,,LCS,United Kingdom,0
4116,Linton-on-Ouse Flying Training Unit,,LOP,United Kingdom,0
4117,Lossiemouth Flying Training Unit,,LOS,United Kingdom,0
4118,Marham Flying Training Unit,,MRH,United Kingdom,0
4119,Northwood Headquarters (RAF,,NWO,United Kingdom,0
412,Aerolineas Argentinas,AR,ARG,Argentina,1
4120,RAF Scampton,,SMZ,United Kingdom,0
4121,RAF St Athan,,STN,UNited Kingdom,0
4122,RAF St Mawgan Search and Rescue,,SMG,United Kingdom,0
4123,RAF Topcliffe Flying Training Unit,,TOF,United Kingdom,0
4124,RAF Valley Flying Training Unit,,VYT,United Kingdom,0
4125,RAF Valley SAR Training Unit,,VLL,United Kingdom,0
4126,Waddington FTU,,WAD,United Kingdom,0
4127,Wittering FTU,,WIT,United Kingdom,0
4128,RAF-Avia,,MTL,Latvia,0
4129,RAK Airways,,RKM,United Arab Emirates,0
413,Arrowhead Airways,,ARH,United States,0
4130,RWL Luftfahrtgesellschaft,,RWL,Germany,0
4131,Rabbit-Air,,RBB,Switzerland,0
4132,Race Cargo Airlines,,ACE,Ghana,0
4133,Rader Aviation,,GBR,United States,0
4134,Radixx Solutions International,1D,,United States,0
4135,Raji Airlines,,RAJ,Pakistan,0
4136,Raleigh Flying Service,,RFA,United States,0
4137,Ram Air Freight,,REX,United States,0
4138,Ram Aircraft Corporation,,RMT,United States,0
4139,Ramp 66,,PPK,United States,0
414,Aero Vics,,ARI,Mexico,0
4140,Rangemile Limited,,RGM,United Kingdom,0
4141,Raslan Air Service,,MWR,Egypt,0
4142,Rath Aviaton,,RAQ,Austria,0
4143,Ratkhan Air,,CSM,Kazakhstan,0
4144,Raven Air,,RVR,United Kingdom,0
4145,Raven Air,,RVN,United States,0
4146,Ray Aviation,,REI,Israel,0
4147,Raya Jet,,RYT,Jordan,0
4148,Raytheon Aircraft Company,,RTN,United States,0
4149,Raytheon Corporate Jets,,RCJ,United Kingdom,0
415,Aerojet de Costa Rica,,ARJ,,0
4150,Raytheon Travel Air,,KSS,United States,0
4151,Real Aero Club De Baleares,,RCB,Spain,0
4152,Real Aero Club de Reus-Costa Dorado,,CDT,Spain,0
4153,Real Aeroclub De Ternerife,,RCD,Spain,0
4154,Real Aviation,,RLV,Ghana,0
4155,Rebus,,REB,Bulgaria,0
4156,Red Aviation,,PSH,United Kingdom,0
4157,Red Baron Aviation,,RBN,United States,0
4158,Red Devils Parachute Display Team,,DEV,United Kingdom,0
4159,Red Sea Aviation,,RDV,Egypt,0
416,Antillana De Navegacion Aerea,,SUN,Dominican Republic,0
4160,Red Sky Ventures,,RSV,Namibia,0
4161,Red Star,,STR,United Arab Emirates,0
4162,Redhill Aviation,8L,RHC,United Kingdom,0
4163,Reed Aviation,,RAV,United Kingdom,0
4164,Reef Air,,REF,New Zealand,0
4165,Reem Air,V4,REK,Kyrgyzstan,0
4166,Reeve Aleutian Airways,,RVV,United States,0
4167,Regal Bahamas International Airways,,RBH,Bahamas,0
4168,Regency Airlines,,RGY,United States,0
4169,Regent Air,,RAH,Canada,0
417,Aeroservicios De San Luis,,SUO,Mexico,0
4170,Regio Air,,RAG,Germany,0
4171,Region Air,,RGR,Canada,0
4172,Regional 1,,TSH,Canada,0
4173,Regional Air,,RIL,Mauritania,0
4174,Regional Air Express,,REW,Germany,0
4175,Regional Air Lines,,RGL,Morocco,0
4176,Regional Air Services,,REG,Tanzania,0
4177,Regional Airlines,FN,,Morocco,1
4178,Regional Express,ZL,RXA,Australia,1
4179,Regional Geodata Air,,JJM,Spain,0
418,Aerosuper,,SUP,Mexico,0
4180,RegionsAir,3C,CEA,United States,0
4181,Reliance Aviation,,REL,United States,0
4182,Reliant Airlines,,RLT,United States,0
4183,Relief Transport Services,,RTS,United Kingdom,0
4184,Renan,,RAN,Moldova,0
4185,Reno Air,QQ,ROA,United States,0
4186,Renown Aviation,,RGS,United States,0
4187,Republic Airlines,RW,RPA,United States,1
4188,Republic Express Airlines,RH,RPH,Indonesia,1
4189,Republicair,,RBC,Mexico,0
419,Aero Link Air Services S.L.,,ARK,Spain,0
4190,Resort Air,,RST,United States,0
4191,Rhoades Aviation,,RDS,United States,0
4192,Riau Airlines,,RIU,Indonesia,0
4193,Rich International Airways,,RIA,United States,0
4194,Richards Aviation,,RVC,United States,0
4195,Richardson's Airway,,RIC,United States,0
4196,Richland Aviation,,RCA,United States,0
4197,Rick Lucas Helicopters,,HPR,New Zealand,0
4198,Rico Linhas A,C7,RLE,Brazil,0
4199,Ridder Avia,,RID,Kazakhstan,0
42,ABSA - Aerolinhas Brasileiras,M3,TUS,Brazil,1
420,Airlec - Air Aquitaine Transport,,ARL,France,0
4200,Riga Airclub,,RAK,Latvia,0
4201,Rijnmond Air Services,,RAZ,Netherland,0
4202,Rikspolisstyrelsen,,POL,Sweden,0
4203,Rimrock Airlines,,RIM,United States,0
4204,Rio Air Express,,SKA,Brazil,0
4205,Rio Airways,,REO,United States,0
4206,Rio Grande Air,E2,GRN,United States,0
4207,Rio Sul Servi,SL,RSL,Brazil,0
4208,River Ministries Air Charter,,RVM,South Africa,0
4209,River State Government of Nigeria,,RGP,Nigeria,0
421,Aeromarket Express,,ARM,Spain,0
4210,Rivne Universal Avia,,UNR,Ukraine,0
4211,Roadair Lines,,RDL,Canada,0
4212,Robinton Aero,,RBT,Dominican Republic,0
4213,Roblex Aviation,,ROX,United States,0
4214,Rockwell Collins Avionics,,RKW,United States,0
4215,Rocky Mountain Airlines,,ROC,Canada,0
4216,Rocky Mountain Airways,,RMA,United States,0
4217,Rocky Mountain Holdings,,LIF,United States,0
4218,Rodze Air,,RDZ,Nigeria,0
4219,Rog-Air,,FAD,Canada,0
422,Arrow Aviation Ltd.,,ARO,Canada,0
4220,Rollright Aviation,,RRZ,United Kingdom,0
4221,Rolls-Royce Limited,,RRL,United Kingdom,0
4222,Rolls-Royce plc,,BTU,United Kingdom,0
4223,Romanian Air Force,,ROF,Romania,0
4224,Romavia,,RMV,Romania,0
4225,Ronso,,RNS,Mexico,0
4226,Roraima Airways,,ROR,Guyana,0
4227,Rosneft-Baltika,,RNB,Russia,0
4228,Ross Aviation,,NRG,United States,0
4229,Rossair,,RFS,Australia,0
423,RPA-Aviataxi Ltd.,,ARP,Russia,0
4230,Rossair,,RSS,South Africa,0
4231,Rossair Europe,,ROS,Netherlands,0
4232,Rossiya,R4,,Russia,1
4233,Roswell Airlines,,RAL,United States,0
4234,Air Rarotonga,GZ,RAR,Cook Islands,1
4235,Rotatur,,RTR,Brazil,0
4236,Rotormotion,,RKT,United Kingdom,0
4237,Rotterdam Jet Center,,JCR,Netherlands,0
4238,Rover Airways International,,ROV,United States,0
4239,Rovos Air,,VOS,South Africa,0
424,Air Klaipeda,,KLD,Lithuania,0
4240,Royal Air Cargo,,RCG,South Africa,0
4241,Royal Air Force,RR,RFR,United Kingdom,0
4242,Royal Air Force of Oman,RS,MJN,Oman,0
4243,Royal Air Force,,ACW,United Kingdom,0
4244,Royal Air Force,,RRR,United Kingdom,0
4245,Royal Air Force,,RRF,United Kingdom,0
4246,Royal Air Force,,SHF,United Kingdom,0
4247,Royal Air Freight,,RAX,United States,0
4248,Royal Air Maroc,AT,RAM,Morocco,1
4249,Royal Airlines,R0,RPK,Pakistan,0
425,Armstrong Air,,ARQ,ARMSTRONG,0
4250,Royal American Airways,,RLM,United States,0
4251,Royal Aruban Airline,V5,RYL,Aruba,0
4252,Royal Australian Air Force,,ASY,Australia,0
4253,Royal Aviation Express,,RXP,Canada,0
4254,Royal Bahrain Airlines,,RYB,Bahrain,0
4255,Royal Brunei Airlines,BI,RBA,Brunei,1
4256,Royal Daisy Airlines,,KDR,Uganda,0
4257,Royal Ghanaian Airlines,,RGA,Ghana,0
4258,Royal Jet,,ROJ,United Arab Emirates,0
4259,Royal Jordanian,RJ,RJA,Jordan,1
426,Air Armenia,QN,ARR,Armenia,0
4260,Royal Jordanian Air Force,,RJZ,Jordan,0
4261,Royal Khmer Airlines,RK,RKH,Cambodia,0
4262,Royal Malaysian Air Force,,RMF,Malaysia,0
4263,Royal Navy,,NVY,United Kingdom,0
4264,Royal Nepal Airlines,RA,RNA,Nepal,1
4265,Royal Netherland Navy,,NRN,Netherlands,0
4266,Royal Netherlands Air Force,,NAF,Netherlands,0
4267,Royal New Zealand Air Force,,KIW,New Zealand,0
4268,Royal Norwegian Air Force,,NOW,Norway,0
4269,Royal Oman Police,,ROP,Oman,0
427,Aeromet Servicios,,ARS,Chile,0
4270,Royal Phnom Penh Airways,,PPW,Cambodia,1
4271,Royal Rwanda Airlines,,RRA,Rwanda,0
4272,Royal Saudi Air Force,,RSF,Saudi Arabia,0
4273,Royal Sky,,RYS,Thailand,0
4274,Royal Swazi National Airways,,RSN,Swaziland,0
4275,Royal Tongan Airlines,WR,HRH,Tonga,0
4276,Royal West Airlines,,RWE,United States,0
4277,Rubystar,,RSB,Belarus,0
4278,Rumugu Air & Space Nigeria,,RMG,Nigeria,0
4279,Rusaero,,RUR,Russia,0
428,Aerotal Aerolineas Territoriales de Colombia Ltda,,ART,Colombia,0
4280,Rusaero,,KLE,Russia,0
4281,Rusair JSAC,,CGI,Russia,0
4282,Rusich-T,,RUH,Russia,0
4283,Rusline,,RLU,Russia,1
4284,Russian Aircraft Corporation-MiG,,MIG,Russia,0
4285,Russian Federation Air Force,,RFF,Russia,0
4286,Russian Sky Airlines,P7,ESL,Russia,0
4287,Rusuertol,,RUZ,Russia,0
4288,Rutas Aereas,,RUC,Venezuela,0
4289,Rutland Aviation,,RND,United Kingdom,0
429,Aravco Ltd.,,ARV,United Kingdom,0
4290,Rwanda Airlines,,RUA,Rwanda,0
4291,Rwanda Airways,,RWA,Rwanda,0
4292,Rwandair Express,WB,RWD,Rwanda,1
4293,Ryan Air Service,,RCT,United States,0
4294,Ryan Air Services,,RYA,United States,1
4295,Ryan International Airlines,RD,RYN,United States,1
4296,Ryanair,FR,RYR,Ireland,1
4297,Ryazan State Air Enterprise,,RYZ,Russia,0
4298,Rynes Aviation,,RAA,United States,0
4299,Régional,YS,RAE,France,1
43,Abaet,,ABJ,Brazil,0
430,Aria,,ARW,France,0
4302,South Asian Airlines,,BDS,Bangladesh,0
4303,State Air Company Berkut,,BEC,Kazakhstan,0
4304,SATA International,S4,RZO,Portugal,1
4305,South African Airways,SA,SAA,South Africa,1
4306,Sky Way Air,,SAB,Kyrgyzstan,0
4307,SASCO Airlines,,SAC,Sudan,0
4308,Republic of Singapore Air Force,,SAF,Singapore,0
4309,SOS Flygambulans,,SAG,Sweden,0
431,Air Xpress,,ARX,AIREX,0
4310,Sayakhat Airlines,,SAH,Kazakhstan,0
4311,Shaheen Air International,NL,SAI,Pakistan,1
4312,Golden Eagle Air Services (FAA),,SAJ,Canada,0
4313,Red Arrows Display Squadron,,SAK,United Kingdom,0
4314,SAM Colombia,,SAM,Colombia,0
4315,Servicios Aereos Nacionales (SAN),,SAN,Ecuador,0
4316,Sahel Aviation Service,,SAO,Mali,0
4317,Secretaria de Marina,,ANX,Mexico,0
4318,Springbank Aviation,,SAQ,Canada,0
4319,Scandinavian Airlines System,SK,SAS,Sweden,1
432,Airline Alania,,OST,Russia,0
4320,Samal Air,,SAV,Kazakhstan,0
4321,Sham Wing Airlines,,SAW,Syrian Arab Republic,0
4322,Sabah Air,,SAX,Malaysia,0
4323,ScotAirways,,SAY,United Kingdom,1
4324,Swiss Air-Ambulance,,SAZ,Switzerland,0
4325,STA-MALI,,SBA,Mali,0
4326,Steinman Aviation,,SBB,United States,0
4327,Seven Bar Flying Service,,SBF,United States,0
4328,Sabre Incorporated,,SBG,United States,0
4329,S7 Airlines,S7,SBI,Russia,1
433,Air Tchad,,HTT,Chad,0
4330,Sobel Airlines of Ghana,,SBL,Ghana,0
4331,Sky Bahamas,,SBM,Bahamas,0
4332,Stabo Air,,SBO,Zambia,0
4333,Smithkline Beacham Clinical Labs,,SBQ,United States,0
4334,Saber Aviation,,SBR,United States,0
4335,Seaborne Airlines,BB,SBS,United States,1
4336,Saint Barth Commuter,,SBU,France,0
4337,Star Air,,URJ,Pakistan,0
4338,Scibe Airlift,,SBZ,Democratic Republic of the Congo,0
4339,Spanish Air Force,,AME,Spain,0
434,Aerloineas de Techuacan,,HUC,Mexico,0
4340,South Central Air,,SCA,United States,0
4341,Seacoast Airlines,,SCC,United States,0
4342,Scenic Airlines,,SCE,United States,1
4343,Socofer,,SCF,Angola,0
4344,Servicios Aereos San Cristobal,,SCI,Mexico,0
4345,Sky Cam,,SCK,France,0
4346,Switfair Cargo,,SCL,Canada,0
4347,South American Airlines,,SCN,Peru,0
4348,Servicios Aereos de Chihuahua Aerochisa,,AHI,Mexico,0
4349,SriLankan Airlines,UL,ALK,Sri Lanka,1
435,Aerotransportes Huitzilin,,HUT,Mexico,0
4350,Sunbird Airlines,,CDL,United States,0
4351,Scorpio,,SCP,Egypt,0
4352,Si-Chang Flying Service,,SCR,Thailand,0
4353,South African Non Scheduled Airways,,SCS,South Africa,0
4354,SAAB-Aircraft,,SCT,Sweden,0
4355,Servicios Aereos Del Centro,,SCV,Mexico,0
4356,Sun Country Airlines,SY,SCX,United States,1
4357,St. Andrews Airways,,SDA,Canada,0
4358,Sukhoi Design Bureau Company,,SDB,Russia,0
4359,Sunrise Airlines,,SDC,United States,0
436,Aero Transportes Del Humaya,,HUY,Mexico,0
4360,Skymaster Air Taxi,,SDD,United States,0
4361,Sundorph Aeronautical Corporation,,SDF,United States,0
4362,Servicio De Helicopteros,,SDH,Spain,0
4363,SADELCA - Sociedad Aerea Del Caqueta,,SDK,Colombia,0
4364,Skydrift,,SDL,United Kingdom,0
4365,Spirit of Africa Airlines,,SDN,Sudan,0
4366,Sud Airlines,,SDU,France,0
4367,Servicios Aereos Del Vaupes,,SDV,Colombia,0
4368,Servicio Tecnico Aero De Mexico,,SDX,Mexico,0
4369,Sudan Pezetel for Aviation,,SDZ,Sudan,0
437,Argosy Airways,,ARY,United States,0
4370,Southeast Air,,SEA,United States,1
4371,Servicios Aereos Luce,,SEB,Mexico,0
4372,Sedona Air Center,,SED,United States,0
4373,Shaheen Air Cargo,,SEE,Pakistan,0
4374,Sky Express,G3,SEH,Greece,1
4375,Spicejet,SG,SEJ,India,1
4376,Skyjet,,SEK,Kazakhstan,0
4377,Sentel Corporation,,SEL,United States,0
4378,Selcon Airlines,,SEO,Nigeria,0
4379,Sky Eyes,I6,SEQ,Thailand,0
438,Air Resorts,,ARZ,United States,0
4380,Servicio Aereo Saltillo,,SES,Mexico,0
4381,SAETA,EH,SET,Ecuador,0
4382,Serair Transworld Press,,SEV,Spain,0
4383,SEFA,,SFA,France,0
4384,Shuswap Flight Centre,,SFC,Canada,0
4385,Sefofane Air Charters,,SFE,South Africa,0
4386,Safewings Aviation Company,,SFF,United States,0
4387,Sun Freight Logistics,,SFG,Thailand,0
4388,Star Flyer,7G,SFJ,Japan,1
4389,Southflight Aviation,,SFL,New Zealand,0
439,Alaska Airlines,AS,ASA,ALASKA,1
4390,Safiran Airlines,,SFN,Iran,0
4391,Safe Air,,SFP,Pakistan,0
4392,Safair,FA,SFR,South Africa,0
4393,Southern Frontier Air Transport,,SFS,Canada,0
4394,Skyfreight,,SFT,United States,0
4395,Solent Flight,,SFU,United Kingdom,0
4396,S.K. Logistics,,SFX,United States,0
4397,Sky King,,SGB,United States,0
4398,Southern Right Air Charter,,SGC,South Africa,0
4399,Sky Gate International Aviation,,SGD,Kyrgyzstan,0
44,Alberta Citylink,,ABK,Canada,0
440,Air-Spray 1967 Ltd.,,ASB,Canada,0
4400,STAC Swiss Government Flights,,SGF,Switzerland,0
4401,Servisair,,SGH,United Kingdom,0
4402,Servicios Aereos Agricolas,,SGI,Chile,0
4403,Skyward Aviation,,SGK,Canada,0
4404,Sky Aircraft Service,,SGM,Netherlands,0
4405,Siam GA,,SGN,Thailand,0
4406,Sagolair Transportes Ejecutivos,,SGP,Spain,0
4407,Saskatchewan Government Executive Air Service,,SGS,Canada,0
4408,Skygate,,SGT,Netherlands,0
4409,Samgau,,SGU,Kazakhstan,0
441,Air Star Corporation,,ASC,Canada,0
4410,Saga Airlines,,SGX,Turkey,0
4411,Skagway Air Service,N5,SGY,United States,1
4412,Shabair,,SHB,Democratic Republic of the Congo,0
4413,Sky Harbor Air Service,,SHC,United States,0
4414,Sahara Airlines,,SHD,Algeria,1
4415,Shell Aircraft,,SHE,United Kingdom,0
4416,Shoprite Group,,SHG,United Kingdom,0
4417,Seoul Air International,,SHI,Republic of Korea,0
4418,Sharjah Ruler's Flight,,SHJ,United Arab Emirates,0
4419,Shorouk Air,,SHK,Egypt,0
442,Air Sinai,4D,ASD,Egypt,1
4420,Samson Aviation,,SHL,United Kingdom,0
4421,Sheltam Aviation,,SHM,South Africa,0
4422,Shaheen Airport Services,,SHN,Pakistan,0
4423,Sheremetyevo-Cargo,,SHO,Russia,0
4424,Service Aerien Francais,,SHP,France,0
4425,Shanghai Airlines Cargo,,SHQ,China,0
4426,Shooter Air Courier,,SHR,Canada,0
4427,Shura Air Transport Services,,SHS,Ethiopia,0
4428,Sakhalinskie Aviatrassy (SAT),,SHU,Russia,0
4429,SATA Air Acores,SP,SAT,Portugal,1
443,Airstars,PL,ASE,Russia,0
4430,Scorpio Aviation,8S,,,0
4431,Shavano Air,,SHV,United States,0
4432,Shawnee Airline,,SHW,United States,0
4433,Slim Aviation Services,,SHX,Nigeria,0
4434,Sky Airlines,,SHY,Turkey,0
4435,Singapore Airlines,SQ,SIA,Singapore,1
4436,Sibaviatrans,5M,SIB,Russia,1
4437,Sierra Express,,SIE,United States,0
4438,Skynet Airlines,SI,SIH,Ireland,1
4439,Seco International,,SIJ,Japan,0
444,Air Schefferville,,ASF,SCHEFF,0
4440,Servicios Aeronauticos Integrales,,SIL,Mexico,0
4441,Star Air,,SIM,Sierra Leone,0
4442,Sirio,,SIO,Italy,0
4443,Salair,,SIR,United States,0
4444,Saber Airlines,,SIS,Egypt,0
4445,SITA,XS,SIT,Belgium,0
4446,Slovenian Armed Forces,,SIV,Slovenia,0
4447,Sirio Executive,,SIW,Italy,0
4448,Servicios Aereos Especiales De Jalisco,,SJA,Mexico,0
4449,Servicios Ejecutivos Continental,,SJC,Mexico,0
445,African Star Airways (PTY) Ltd.,,ASG,South Africa,0
4450,Sunair 2001,,SJE,South Africa,0
4451,Spirit Aviation,,SJJ,United States,0
4452,Servicios Especiales Del Pacifico Jalisco,,SJL,Mexico,0
4453,Swiss Jet,,SJT,Switzerland,0
4454,Sriwijaya Air,SJ,SJY,Indonesia,1
4455,Sama Airlines,ZS,SMY,Saudi Arabia,1
4456,Southern Jersey Airways,,ALC,ACOM,0
4457,SPASA,,SPS,Spain,0
4458,Speed Aviation,,SPT,Bangladesh,0
4459,Southeast Airmotive,,SPU,United States,0
446,Aerosun International,,ASI,AEROSUN,0
4460,Servicios Privados De Aviacion,,SPV,Mexico,0
4461,Speedwings,,SPW,Switzerland,0
4462,Service People Gesselschaft fur Charter und Service,,SPX,Germany,0
4463,Slovak National Aeroclub,,SQA,Slovakia,0
4464,Singapore Airlines Cargo,SQ,SQC,Singapore,1
4465,Slovak Air Force,,SQF,Slovakia,0
4466,Servicos De Alquiler,,SQL,Mexico,0
4467,Sair Aviation,,SRA,Canada,0
4468,Searca,,SRC,Colombia,0
4469,Siem Reap Airways,FT,SRH,Cambodia,1
447,Air Satellite,,ASJ,Canada,0
4470,Sky Work Airlines,SX,SRK,Switzerland,0
4471,Swedline Express,SM,SRL,Sweden,0
4472,Servicios Aeronauticos Aero Personal,,SRL,Mexico,0
4473,Sirair,,SRN,Russia,0
4474,Servicios Aereos Ejecutivos Saereo,,SRO,Ecuador,0
4475,South East Asian Airlines,DG,SRQ,Philippines,1
4476,Star Air,,SRR,Denmark,0
4477,Selkirk Remote Sensing,,SRS,Canada,0
4478,Star Up,,SRU,Peru,0
4479,Sarit Airlines,,SRW,Sudan,0
448,Awesome Flight Services (PTY) Ltd.,,ASM,South Africa,0
4480,Sierra Expressway Airlines,,SRX,United States,0
4481,Strato Air Services,,SRZ,South Africa,0
4482,Sasair,,SSB,Canada,0
4483,Southern Seaplane,,SSC,United States,0
4484,Star Service International,,SSD,France,0
4485,Servicios Aereos Sunset,,SSE,Mexico,0
4486,Severstal,,SSF,Russia,0
4487,Slovak Government Flying Service,,SSG,Slovakia,0
4488,SwedJet Airways,VD,BBB,Sweden,0
4489,Skystar International,,SSK,United States,0
449,Air and Sea Transport,,ASN,Russia,0
4490,Special Scope Limited,,SSO,United Kingdom,0
4491,Starspeed,,SSP,United Kingdom,0
4492,Sunstate Airlines,,SSQ,Australia,0
4493,SAESA,,SSS,Spain,0
4494,Sunwest Airlines,,SST,Canada,0
4495,SASCA,,SSU,Venezuela,0
4496,Skyservice Airlines,5G,SSV,Canada,1
4497,Streamline Aviation,,SSW,United Kingdom,0
4498,Sky Aviation,,SSY,Sierra Leone,0
4499,Specsavers Aviation,,SSZ,United Kingdom,0
45,APSA Colombia,,ABO,Colombia,0
450,Aero Slovakia,,ASO,Slovakia,0
4500,Star Aviation,,STA,United Kingdom,0
4501,Status-Alpha Airline,,STB,Ukraine,0
4502,Stadium City Limited,,STC,United Kingdom,0
4503,Servicios De Aerotransportacion De Aguascalientes,,STD,Mexico,0
4504,Semitool Europe,,STE,United Kingdom,0
4505,SFT-Sudanese Flight,,STF,Sudan,0
4506,Sedalia,,STG,,0
4507,South-Airlines,,STH,Armenia,0
4508,Sontair,,STI,Canada,0
4509,Sella Aviation,,STJ,Netherlands,0
451,Airsprint,,ASP,Canada,0
4510,Stapleford Flight Centre,,STL,United Kingdom,0
4511,Streamline Ops,,STO,Russia,0
4512,Star Air,,STQ,Indonesia,0
4513,Servicios de Transportes A,FS,STU,Argentina,1
4514,Star African Air,,STU,Somali Republic,0
4515,Southern Aviation,,STV,Ghana,0
4516,South West Air Corporation,,STW,Philippines,0
4517,Stars Away Aviation,,STX,South Africa,0
4518,Styrian Airways,,STY,Austria,0
4519,Silesia Air,,SUA,Czech Republic,0
452,Atlantic Southeast Airlines,EV,ASQ,United States,1
4520,Suburban Air Freight,,SUB,United States,0
4521,Sudan Airways,SD,SUD,Sudan,1
4522,Sun Air (Fiji),PI,SUF,Fiji,0
4523,Sunu Air,,SUG,Senegal,0
4524,Sun Light,,SUH,Kyrgyzstan,0
4525,Swiss Air Force,,SUI,Switzerland,0
4526,Superior Aviation Services,,SUK,Kenya,0
4527,State Unitary Air Enterprise,,SUM,Russia,0
4528,Sun Air,,SUR,Egypt,0
4529,Sun Air of Scandinavia,EZ,SUS,Denmark,0
453,All Star Airlines,,ASR,ALL STAR,0
4530,Sistemas Aeronauuticos 2000,,SUT,Mexico,0
4531,Star West Aviation,,SUU,United States,0
4532,Sundance Air,,SUV,Venezuela,0
4533,Saudi Arabian Airlines,SV,SVA,Saudi Arabia,1
4534,St. Vincent Grenadines Air (1990),,SVD,Saint Vincent and the Grenadines,0
4535,Swedish Armed Forces,,SVF,Sweden,0
4536,Sahel Airlines,,AWJ,Niger,0
4537,Sterling Helicopters,,SVH,United Kingdom,0
4538,Servicios De Transporte Aereo,,SVI,Mexico,0
4539,Sabre Pacific,,APD,Australia,0
454,Air Class,,ASS,AIR CLASS,0
4540,Silver Air,,SVJ,Djibouti,0
4541,Sevastopol-Avia,,SVL,Ukraine,0
4542,Savanair (Angola),,SVN,Angola,0
4543,Servicios Aeronauticos De Oriente,,SVO,Mexico,0
4544,Servicios Aereos Saar,,SVS,Mexico,0
4545,Seven Four Eight Air Services,,SVT,Luxembourg,0
4546,Security Aviation,,SVX,United States,0
4547,Southwest Airlines,WN,SWA,United States,1
4548,Swissboogie Parapro,,SWB,Switzerland,0
4549,South West Air,,SWC,Canada,0
455,Aerlineas Del Oeste,,AST,Mexico,0
4550,Southern Winds Airlines,A4,SWD,Argentina,1
4551,Swedeways,,SWE,Sweden,0
4552,Spurling Aviation,,ASL,United States,0
4553,Sunwing Airlines,WG,SWG,Canada,0
4554,Sunworld Airlines,,SWI,United States,0
4555,Stateswest Airlines,,SWJ,United States,0
4556,Surninam International Victory Airline,,SWO,Suriname,0
4557,Star Work Sky,,SWP,Italy,0
4558,Swift Air (Interstate Equipment Leasing),,SWQ,United States,0
4559,Swiss International Air Lines,LX,SWR,Switzerland,1
456,Aviones Are,,NRE,Mexico,0
4560,Swissair,SR,SWR,Switzerland,1
4561,Sunwest Aviation (Lindquist Investment),,SWS,United States,0
4562,Swiftair,,SWT,Spain,0
4563,Swiss European Air Lines,,SWU,Switzerland,1
4564,Swe Fly,WV,SWV,Sweden,1
4565,Shovkoviy Shlyah,S8,SWW,Ukraine,0
4566,Swazi Express Airways,,SWX,Swaziland,0
4567,Sky Jet,,SWY,Switzerland,0
4568,Servair,,SWZ,SWISSBIRD,0
4569,Southern Cross Aviation,,SXA,United States,0
457,Air Nepal International,,NPL,Nepal,0
4570,Sky Exec Aviation Services,,SXC,Nigeria,0
4571,Southeast Express Airlines,,SXE,United States,0
4572,Servicios Aereos Sepecializados Mexicanos,,SXM,Mexico,0
4573,SunExpress,XQ,SXS,Turkey,1
4574,Servicios De Taxi Aereo,,SXT,Mexico,0
4575,Satellite Aero,,SXX,United States,0
4576,Safari Express Cargo,,SXY,Kenya,0
4577,Skyways,,SYA,Argentina,0
4578,Systec 2000,,SYC,United States,0
4579,Sheba Aviation,,SYE,Yemen,0
458,Air Napier,,NPR,New Zealand,0
4580,Sky One Express Airlines,,SYF,United States,0
4581,Synergy Aviation,,SYG,United Kingdom,0
4582,Sonalysts,,SYI,United States,0
4583,Slate Falls Airways,,SYJ,Canada,0
4584,Satsair,,SYK,United States,0
4585,Syncrude Canada,,SYN,Canada,0
4586,Syrian Arab Airlines,RB,SYR,Syrian Arab Republic,1
4587,Shawbury Flying Training Unit,,SYS,United Kingdom,0
4588,Special Aviation Systems,,SYV,United States,0
4589,Skywalk Airlines,AL,SYX,United States,1
459,Air Taxi & Cargo,,WAM,Sudan,0
4590,Silk Way Airlines,ZP,AZQ,Azerbaijan,0
4591,South African Historic Flight,,SYY,South Africa,0
4592,Servicios Aeronauticos Z,,SZT,Mexico,0
4593,Specavia Air Company,,BHV,Russia,0
4594,Starair,,BLY,Ireland,0
4595,Sundance Air,,BNC,United States,0
4596,Samara Airlines,E5,BRZ,Russia,0
4597,Spark+ Joint-Stock Company,,BVV,Russia,0
4598,Swedish Civil Aviation Administration,,CBN,Sweden,0
4599,Shandong Airlines,SC,CDG,China,1
46,Aerovias Bueno,,ABU,Colombia,0
460,Arrow Panama,,WAP,Panama,0
4600,Spectrem Air,,CDS,South Africa,0
4601,Servicios Aereos Centrales,,CEE,Mexico,0
4602,Swedish Airlines,,CFL,Sweden,0
4603,Seagle Air,,CGL,Slovakia,0
4604,Sirius-Aero,,CIG,Russia,0
4605,Sunwest Home Aviation,,CNK,Canada,0
4606,SAS Braathens,,CNO,Norway,1
4607,Spring Airlines,9S,CQH,China,1
4608,Sichuan Airlines,3U,CSC,China,1
4609,Shanghai Airlines,FM,CSH,China,1
461,Astravia-Bissau Air Transports Ltd.,,ASV,Guinea-Bissau,0
4610,Shuangyang General Aviation,,CSY,China,0
4611,Shenzhen Airlines,ZH,CSZ,China,1
4612,Shanxi Airlines,8C,CXI,China,0
4613,Sioux Falls Aviation,,DKT,United States,0
4614,Servicios Aereos Elite,,DKY,Spain,0
4615,Servicios Aereos Denim,,DNI,Mexico,0
4616,Swiss Eagle,,EAB,Switzerland,0
4617,Skypower Express Airways,,EAN,Nigeria,0
4618,Scenic Air,,ENR,Namibia,0
4619,Sun D'Or,7L,ERO,Israel,1
462,Astrakhan Airlines,OB,ASZ,Russia,1
4620,SkyEurope,NE,ESK,Slovakia,1
4621,Sunshine Express Airlines,CQ,EXL,Australia,0
4622,South African Express,,EXY,South Africa,0
4623,Stuttgarter Flugdienst,,FFD,Germany,0
4624,Shalom Air Services,,FFH,Nigeria,0
4625,Silverjet,,FJE,United Kingdom,0
4626,Sky Bus,,FLH,United States,0
4627,South Coast Aviation,,GAD,United Kingdom,0
4628,Servicios Aereos Gadel,,GDE,Mexico,0
4629,S.P. Aviation,,GDG,United States,0
463,Air Transport Association,,ATA,United States,0
4630,Seba Airlines,,GIK,Guinea,0
4631,Servicios Aereos Gana,,GNA,Mexico,0
4632,Sky Wings Airlines,,GSW,Greece,0
4633,Star XL German Airlines,,GXL,Germany,0
4634,Skyhaul,,HAU,Japan,0
4635,Starship,,HIP,Mexico,0
4636,Servicios Ejecutivos Gosa,,HJE,Mexico,0
4637,Superior Aviation,SO,HKA,United States,0
4638,Samaritan Air Service,,HLO,Canada,0
4639,Skyraidybos Mokymo Centras,,HRI,Lithuania,0
464,Atlantair Ltd.,,ATB,Canada,0
4640,Sky Europe Airlines,,HSK,Slovakia,1
4641,Svenska Direktflyg,,HSV,Sweden,0
4642,Sky Helicopteros,,HSY,Spain,0
4643,Skytaxi,,IGA,Poland,0
4644,Silvair,,IJS,United States,0
4645,Servicios Aereos Ilsa,,ILS,Mexico,0
4646,Sincom-Avia,,INK,Ukraine,0
4647,Safat Airlines,,IRV,Iran,0
4648,Saha Airlines Services,,IRZ,Iran,0
4649,Sunline Express,,JAM,Kenya,0
465,Air Tanzania,TC,ATC,Tanzania,1
4650,Secure Air Charter,,JCM,United States,0
4651,Sark International Airways,,JIM,United Kingdom,0
4652,Spanair,JK,JKK,Spain,1
4653,Salem,,KKS,Kazakhstan,0
4654,Servicios Aereos Copters,,KOP,Chile,0
4655,Servicios Aereos Expecializados En Transportes Petroleros,,KSP,Colombia,0
4656,Skybridge Airops,,KYB,Italy,0
4657,Sky Aeronautical Services,,KYR,Mexico,0
4658,Servicios Aereos Ejecutivos De La Laguna,,LGU,Mexico,0
4659,Servico Leo Lopex,,LLA,Mexico,0
466,Aerotours Dominicana,,ATD,Dominican Republic,0
4660,Servicios Aereos Estrella,,LLS,Mexico,0
4661,South African Air Force,,LMG,South Africa,0
4662,Sky Limo Corporation,,LMO,United States,0
4663,SANSA,,LRS,Costa Rica,0
4664,Spectrum Aviation Incorporated,,LSP,United Kingdom,0
4665,SOS Helikoptern Gotland,,MCG,Sweden,0
4666,Sundt Air,,MDT,Norway,0
4667,Servicios Aereos Milenio,,MLO,Mexico,0
4668,SAAD (A320) Limited,,MMS,Cayman Islands,0
4669,Servicios Aereos Moritani,,MRI,Mexico,0
467,Atlantis Transportation Services,,ATE,ATLANTIS CANADA,0
4670,San Juan Airlines,2G,MRR,United States,0
4671,Servico Aereo Regional,,MSG,Mozambique,0
4672,Servicio De Viglancia Aerea Del Ministerio De Seguridad Publica,,MSP,Costa Rica,0
4673,Servicios Aereos MTT,,MTG,Mexico,0
4674,Sabre Pacific,1Z,,Australia,0
4675,Sabre,1S,,United States,0
4676,Sierra Nevada Airlines,1I,,United States,0
4677,Siren-Travel,1H,,Russia,0
4678,Sirena,1Q,,Russia,0
4679,Sky Trek International Airlines,1I,,,0
468,Aerotrans Airline,,ATG,Kazakhstan,0
4680,Southern Cross Distribution,1K,,Australia,0
4681,Sutra,1K,,United States,0
4682,SNCF,2C,,France,0
4683,Star Equatorial Airlines,2S,,Guinea,0
4684,Seulawah Nad Air,,NAD,Indonesia,0
4685,Servicios Aereos del Nazas SA de CV,,NAZ,Mexico,0
4686,Simpson Air Ltd,,NCS,Canada,0
4687,Spirit Airlines,NK,NKS,United States,1
4688,Servicios Aereos Latinoamericanos,,NON,Mexico,0
4689,Servicios Aereos Monarrez,,NRZ,Mexico,0
469,Air Charter World,,XAC,United States,0
4690,Societe De Transport Aerien De Mauritanie,,NSC,Mauritania,0
4691,SATENA,9R,NSE,Colombia,1
4692,Servicios Aereos Del Norte,,NTB,Mexico,0
4693,Servicios Intergrales De Aviacion,,NTG,Mexico,0
4694,Slok Air Gambia,S0,OKS,Gambia,0
4695,Soko Aviation,,OKT,Spain,0
4696,Solar Cargo,,OLC,Venezuela,0
4697,Soloflight,,OLO,United Kingdom,0
4698,Sonnig SA,,ONG,Switzerland,0
4699,Sosoliso Airlines,SO,OSL,Nigeria,0
47,Aerocenter,,ACR,AEROCENTER,0
470,Air Burkina,2J,VBW,Burkina Faso,1
4700,Servicios Aereos Noticiosos,,OSS,Mexico,0
4701,South Airlines,,OTL,Ukraine,0
4702,Skywest Airlines,,OZW,Australia,1
4703,Sokol,,PIV,Russia,0
4704,South Carolina Aeronautics Commission,,PLT,United States,0
4705,Servicios Aereos Premier,,PMR,Mexico,0
4706,Survey Udara (Penas),,PNS,Indonesia,0
4707,Servicios Aereos Poblanos,,POB,Mexico,0
4708,Servicios Aereos Profesionales,,PSV,Dominican Republic,0
4709,Southeastern Airways,,PTM,United States,0
471,Air Travel Corp.,,ATH,United States,0
4710,Spurwing Airlines,,PUR,South Africa,0
4711,Sky Trek International Airlines,1I,PZR,United States,0
4712,Shandong Airlines Rainbow Jet,,RBW,China,0
4713,SA Airlink Regional,,REJ,South Africa,0
4714,Servicio Aereo Regional Regair,,RER,Ecuador,0
4715,Scoala Superioara De Aviatie Civila,,RFT,Romania,0
4716,Servicios Aereos Regiomontanos,,RGC,Mexico,0
4717,S-Air,,RLS,Russia,0
4718,Servicios De Rampa Y Mostrador,,RMP,Mexico,0
4719,SNAS Aviation,,RSE,Saudi Arabia,0
472,Aero-Tropics Air Services,HC,ATI,Australia,0
4720,Skybus Airlines,SX,SKB,United States,0
4721,Skymaster Air Lines,,SKC,United States,0
4722,Sky Harbor Air Service,,SKD,United States,0
4723,Sky Tours,,SKE,United States,0
4724,Sakaviaservice,,AZG,Georgia,0
4725,Skycraft,,SKF,United States,0
4726,Skycraft Air Transport,,SKG,Canada,0
4727,Skyking,,SKI,United Kingdom,0
4728,SkyKing Turks and Caicos Airways,RU,SKI,Turks and Caicos Islands,0
4729,Skylink Aviation,,SKK,Canada,0
473,Air Traffic GmbH,,ATJ,Germany,0
4730,Skycharter (Malton),,SKL,Canada,0
4731,Skyline Aviation Services,,SKN,United States,0
4732,Scottish Airways Flyers,,SKO,United Kingdom,0
4733,Skyscapes Air Charters,,SKR,South Africa,0
4734,Sky Service,,SKS,Belgium,0
4735,Santa Barbara Airlines,S3,BBR,Venezuela,1
4736,Skystar Airways,,SKT,Thailand,0
4737,Sky Airline,H2,SKU,Chile,1
4738,SkyWest,OO,SKW,United States,1
4739,Skyways Express,JZ,SKX,Sweden,1
474,AeroTACA,,ATK,Colombia,0
4740,Skymark Airlines,BC,SKY,Japan,1
4741,Skyway Enterprises,,SKZ,United States,0
4742,Sierra National Airlines,LJ,SLA,Sierra Leone,0
4743,Slok Air,,SLB,Nigeria,0
4744,Silver Air,,SLD,Czech Republic,0
4745,Streamline,,SLE,South Africa,0
4746,Starfly,,SLF,Italy,0
4747,Saskatchewan Government,,SLG,Canada,0
4748,Silverhawk Aviation,,SLH,United States,0
4749,Servicios Aereos de Los Angeles,,AGE,Mexico,0
475,Aerocentral,,ATL,Mexico,0
4750,SilkAir,MI,SLK,Singapore,1
4751,Slovak Airlines,6Q,SLL,Slovakia,0
4752,Surinam Airways,PY,SLM,Suriname,1
4753,Sloane Aviation,,SLN,United Kingdom,0
4754,Salpa Aviation,,SLP,Sudan,0
4755,Servicios Aereos Slainte,,SLS,Mexico,0
4756,Stella Aviation,,SLV,Mauritania,0
4757,Salama Airlines Nigeria,,SLW,Nigeria,0
4758,Sete Linhas Aereas,,SLX,Brazil,0
4759,Sky Line for Air Services,,SLY,Sudan,0
476,Airlines Of Tasmania,FO,ATM,Australia,1
4760,Super Luza,,SLZ,Angola,0
4761,SMA Airlines,,SMA,Nigeria,0
4762,Sabang Merauke Raya Air Charter,,SMC,Indonesia,0
4763,Servicios Aereos La Marquesa,,SMD,Mexico,0
4764,Servant Air,8D,,United States,0
4765,Semos,,SME,Kazakhstan,0
4766,Smalandsflyg,,SMF,Sweden,0
4767,Smithair,,SMH,United States,0
4768,Semeyavia,,SMK,Kazakhstan,0
4769,Smith Air (1976),,SML,Canada,0
477,Air Saint Pierre,PJ,SPM,France,1
4770,Summit Airlines,,SMM,United States,0
4771,Samar Air,,SMQ,Tajikistan,0
4772,Somon Air,,SMR,Tajikistan,0
4773,Skyline,,SMT,Nigeria,0
4774,Servicios Aerecs Del Sol,,AOS,AEROSOL,0
4775,Senator Aviation Charter,,SNA,Germany,0
4776,Sterling Airlines,NB,SNB,Denmark,1
4777,Servicios Aereos De Nicaragua (SANSA),,SNE,Nicaragua,0
4778,Shans Air,,SNF,Russia,0
4779,Senair Services,,SNH,Senegal,0
478,Air Transport International,8C,ATN,United States,0
4780,Savanah Airlines,,SNI,Nigeria,0
4781,Skynet Asia Airways,6J,SNJ,Japan,1
4782,Southeast Airlines (Sun Jet International),,SNK,United States,0
4783,Soonair Lines,,SNL,United States,0
4784,Servizi Aerei,,SNM,Italy,0
4785,Sun Pacific International,,SNP,United States,0
4786,Sun Quest Executive Air Charter,,SNQ,United States,0
4787,Societe Centrafricaine De Transport Aerien,,SNS,Central African Republic,0
4788,Suncoast Aviation,,SNT,United States,0
4789,Snunit Aviation,,SNU,Israel,0
479,ASTRAL Colombia - Aerotransportes Especiales Ltda.,,ATP,Colombia,0
4790,Sudanese States Aviation,,SNV,Sudan,0
4791,Sun West Airlines,,SNW,United States,0
4792,Sun Air Aviation Services,,SNX,Canada,0
4793,Stabo Freight,,SOB,Zambia,0
4794,Southern Cargo Air Lines,,SOC,Russia,0
4795,Southern Ohio Aviation Sales,,SOH,United States,0
4796,Southern Aviation,,SOI,Zambia,0
4797,Solomon Airlines,IE,SOL,Solomon Islands,1
4798,Somali Airlines,,SOM,Somali Republic,0
4799,Sunshine Air Tours,,SON,United States,0
48,Antrak Air,04,ABV,Ghana,0
480,Air Transport Schiphol,,ATQ,Netherlands,0
4800,Southern Air,,SOO,United States,0
4801,Solinair,,SOP,Slovenia,0
4802,Sonair Servico Aereo,,SOR,Angola,0
4803,Southeast Correct Craft,,SOT,United States,0
4804,Southern Airways,,SOU,United States,1
4805,Saratov Aviation Division,6W,SOV,Russia,1
4806,Sowind Air,,SOW,Canada,0
4807,Solid Air,,SOX,Netherland,0
4808,Sat Airlines,HZ,SOZ,Kazakhstan,1
4809,Sierra Pacific Airlines,,SPA,United States,0
481,Aeroferinco,,FEO,Mexico,0
4810,Springbok Classic Air,,SPB,South Africa,0
4811,Skyworld Airlines,,SPC,United States,0
4812,Sprague Electric Company,,SPE,United States,0
4813,Space World Airline,,SPF,Nigeria,0
4814,Springdale Air Service,,SPG,United States,0
4815,Sapphire Executive Air,,SPH,South Africa,0
4816,South Pacific Island Airways,,SPI,United States,1
4817,Servicios Corporativos Aereos De La Laguna,,SPL,Mexico,0
4818,Skorpion Air,,SPN,Bulgaria,0
4819,Sapphire Aviation,,SPP,United States,0
482,Aero Taxis Y Servicios Alfe,,FES,Mexico,0
4820,Servicios Aereos Palenque,,SPQ,Mexico,0
4821,Servicios Aereos Tribasa,,TBS,Mexico,0
4822,Shuttle America,S5,TCF,United States,1
4823,SAAB Nyge Aero,,TGT,Sweden,0
4824,Spark Air,,THB,Thailand,0
4825,S C Ion Tiriac,,TIH,Romania,0
4826,Starlite Aviation,,TRL,South Africa,0
4827,Servicios Aereos Corporativos,,TRN,Mauritania,0
4828,Societe Tout Tranport Mauritanien,,TTM,Mauritania,0
4829,Servicios Aereos Tamazula,,TZU,Mexico,0
483,Avialesookhrana,,FFA,Russia,0
4830,Shar Ink,,UGP,Russia,0
4831,Second Sverdlovsk Air Enterprise,,UKU,Russia,0
4832,Servicios Aereos Universitarios,,UNT,Mexico,0
4833,Skif-Air,,USK,Ukraine,0
4834,Smarkand Aero Servise,,USN,Uzbekistan,0
4835,Samarkand Airways,,UZS,Uzbekistan,0
4836,Servicios Aereos Avandaro,,VDO,Mexico,0
4837,Stichting Vliegschool 16Hoven,,VGS,Netherlands,0
4838,Silverback Cargo Freighters,,VRB,Rwanda,0
4839,Sirvair,,VRS,Mexico,0
484,Africair Service,,FFB,Senegal,0
4840,Scat Air,DV,VSV,Kazakhstan,1
4841,Sunset Aviation,,VXN,United States,0
4842,Sport Air Travel,,WCC,United States,0
4843,Swift Copters,,WFC,Switzerland,0
4844,Skyrover CC,,WLK,South Africa,0
4845,Safarilink Aviation,,XLK,Kenya,0
4846,SENEAM,,XMX,Mexico,0
4847,Southport Air Service,,XPG,United States,0
4848,Spectrum Air Service,,XSA,United States,0
4849,Stephenville Aviation Services,,XSN,Canada,0
485,Atlas Airlines,,ATR,United States,0
4850,Servicios Aereos Textra,,XTA,Mexico,0
4851,Sector Airlines,,XTR,Canada,0
4852,Skyplan Services,,XXS,Canada,0
4853,Stewart Aviation Services,,YBE,United States,0
4854,Sirin,R1,,,0
4855,Star Air,S6,,Denmark,0
4856,Servicios Aereos Integrales / Flyant,,FYA,Spain,0
4857,State Flight Academy of Ukraine,,UFA,Ukraine,0
486,Air Transport Service,,ATS,Democratic Republic of the Congo,0
4860,Trans Jet Airways,,SWL,Sweden,0
4861,Turbot Air Cargo,,TAC,Senegal,0
4862,Tranporte Aereo Dominicano,,TAD,Dominican Republic,0
4863,TAME,EQ,TAE,Ecuador,1
4864,Trans International Express Aviation,,BAP,United States,0
4865,TAG Aviation USA,,TAG,United States,0
4866,Talair,,TAL,Papua New Guinea,0
4867,TAM Brazilian Airlines,JJ,TAM,Brazil,1
4868,Transaustralian Air Express,,AUC,Australia,0
4869,TAP Portugal,TP,TAP,Portugal,1
487,Aer Turas,,ATT,Ireland,0
4870,Tunisair,TU,TAR,Tunisia,1
4871,Transportes Aereos Tauro,,TAU,Mexico,0
4872,Travelair,,TAX,Germany,0
4873,TNT Airways,3V,TAY,Belgium,0
4874,Transbrasil,,TBA,Brazil,0
4875,Turbine Air Cargo UK,,TBC,United Kingdom,0
4876,Thunderbird Tours,,TBD,Canada,0
4877,Tropical Airways,M7,TBG,Haiti,0
4878,Trinity Air Bahamas,,TBH,Bahamas,0
4879,TAB Express International,,TBI,United States,0
488,Atlant Aerobatics Ltd.,,ATU,Hungary,0
4880,Taban Air Lines,,TBM,Iran,0
4881,Teebah Airlines,,TBN,Sierra Leone,0
4882,Tubelair,,TBR,Tunisia,0
4883,Tobago Express,,TBX,Trinidad and Tobago,0
4884,Tropican Air Services,,TCA,Egypt,0
4885,Transporte del Caribe,,TCB,Colombia,0
4886,Trans Continental Airlines,,TCC,Sudan,0
4887,Tchad Airlines,,TCD,Chad,0
4888,Trans-Colorado Airlines,,TCE,United States,0
4889,Thai Air Cargo,T2,TCG,Thailand,1
489,Avanti Air,,ATV,Germany,0
4890,Transcontinental Air,,TCH,Bahrain,0
4891,Teledyne Continental Motors,,TCM,United States,0
4892,Trans Continental Airlines,,TCN,United States,0
4893,Transcorp Airways,,TCP,United Kingdom,0
4894,Transcontinental Sur,,TCT,Uruguay,0
4895,Transglobal Airways Corporation,,TCU,Philippines,0
4896,Thomas Cook Airlines,FQ,TCW,Belgium,1
4897,Thomas Cook Airlines,MT,TCX,United Kingdom,1
4898,Twin Cities Air Service,,TCY,United States,0
4899,Tadair,,TDC,Spain,0
49,Airborne Express,GB,ABX,United States,0
490,Aero Trades (Western) Ltd.,,ATW,Canada,0
4900,Tellavia / Flight One,,TDE,United States,0
4901,Transportes Aereos de Ixtlan,,TDI,Mexico,0
4902,Tandem Aero,TQ,TDM,Moldova,0
4903,TRADO,,TDO,Dominican Republic,0
4904,Trade Air,,TDR,Croatia,0
4905,Taxi Aero Nacional Del Evora,,TDV,Mexico,0
4906,Tradewinds Airlines,,TDX,United States,0
4907,Tenir Airlines,,TEB,Kyrgyzstan,0
4908,Teamline Air,L9,TLW,Austria,0
4909,Tecnicas Fotograficas,,TEF,Spain,0
491,Austrian Airlines,OS,AUA,Austria,1
4910,Tempelhof Airways,,TEH,United States,0
4911,Telford Aviation,,TEL,United States,0
4912,Tech-Mont Helicopter Company,,TEM,Slovakia,0
4913,Tennessee Airways,,TEN,United States,0
4914,Territorial Airlines,,TER,United States,0
4915,TAES Transportes Aereos de El Salvador,,TES,El Salvador,0
4916,Transeuropean Airlines,UE,TEP,Russia,0
4917,Tepavia-Trans Airlines,,TET,Moldova,0
4918,Trans-Florida Airlines,,TFA,United States,0
4919,Tair Airways,,TFB,Philippines,0
492,Air Southwest,,WOW,United Kingdom,1
4920,Talon Air,,TFF,United States,0
4921,Trabajos Aereos Murcianos,,AIM,Spain,0
4922,Thai Flying Helicopter Service,,TFH,Thailand,0
4923,Transport Facilitators,,TFI,United States,0
4924,Transafrik International,,TFK,Sao Tome and Principe,0
4925,Transportes Aereos del Pacifico,,TFO,Mexico,0
4926,Thai Flying Service,,TFT,Thailand,0
4927,Transportes Aereos San Rafael,,SRF,Chile,0
4928,Tayside Aviation,,TFY,United Kingdom,0
4929,TG Aviation,,TGC,United Kingdom,0
493,Augsburg Airways,IQ,AUB,Germany,1
4930,Trabajos Aereos,,TGE,Spain,0
4931,Transportes Aereos Regionales,,TGI,Mexico,0
4932,TAG Aviation Espana,,TGM,Spain,0
4933,Trigana Air Service,,TGN,Indonesia,1
4934,Titan Airways,ZT,AWC,United Kingdom,0
4935,Transport Canada,,TGO,Canada,0
4936,Tiger Airways,TR,TGW,Singapore,1
4937,Tiger Airways Australia,TT,TGW,Australia,1
4938,Transair Gabon],,TGX,Gabon,0
4939,Trans Guyana Airways,,TGY,Guyana,0
494,Air Corporate,,CPV,Italy,0
4940,Thai Airways International,TG,THA,Thailand,1
4941,Tar Heel Aviation,,THC,United States,0
4942,Toumai Air Tchad,,THE,Chad,0
4943,Touraine Helicoptere,,THF,France,0
4944,Thai Global Airline,,THG,Thailand,0
4945,Thai Jet Intergroup,,THJ,Thailand,0
4946,Turk Hava Kurumu Hava Taksi Isletmesi,,THK,Turkey,1
4947,Thai AirAsia,FD,AIQ,Thailand,1
4948,TACA De Honduras,,THO,Honduras,0
4949,Tehran Airline,,THR,Iran,0
495,Aviastar-Tu,,TUP,Russia,0
4950,Thunder Airlines,,THU,Canada,0
4951,Turkish Airlines,TK,THY,Turkey,1
4952,Trans Helicoptere Service,,THZ,France,0
4953,Trans International Airlines,,TIA,United States,0
4954,Travel International Air Charters,,TIC,Zambia,0
4955,Time Air,,TIE,Czech Republic,0
4956,Tic Air,,TIK,Australia,0
4957,Tajikistan International Airlines,,TIL,Tajikistan,1
4958,TEAM Transportes Aereos,,TIM,Brazil,0
4959,Taino Tours,,TIN,Dominican Republic,0
496,AirBridge Cargo,RU,ABW,Russia,0
4960,Tesis,,TIS,Russia,0
4961,Transcarga Intl Airways,,TIW,Venezuela,0
4962,Tajikair,,TJK,Tajikistan,0
4963,Tien-Shan,,TJN,Kazakhstan,0
4964,Tyrolean Jet Service,,TJS,Austria,0
4965,Twin Jet,T7,TJT,France,1
4966,Tikal Jets Airlines,,TKC,Guatemala,0
4967,Take Air Line,,TKE,France,0
4968,Tropical International Airways,,TKX,Saint Kitts and Nevis,0
4969,Thai Sky Airlines,9I,TKY,Thailand,0
497,ATUR,,TUR,Ecuador,1
4970,Translift Airways,,TLA,Ireland,1
4971,Transport Africa,,TLF,Sierra Leone,0
4972,Trans Atlantic Airlines,,TLL,Sierra Leone,0
4973,Eagle Canyon Airlines,,TLO,United States,0
4974,Tulip Air,TD,TLP,Netherland,0
4975,Tunisavia,,TAJ,Tunisia,0
4976,TLC Air,,TLS,United States,0
4977,Turtle Airways,,TLT,Fiji,0
4978,Travelair,,TLV,Uruguay,0
4979,Telesis Transair,,TLX,United States,0
498,ATESA Aerotaxis Ecuatorianos,,TXU,Ecuador,0
4980,Top-Fly,,TLY,Spain,0
4981,Trans Mediterranean Airlines,TL,TMA,Lebanon,1
4982,Transmed Airlines,,TMD,Egypt,0
4983,Tri-MG Intra Asia Airlines,GY,TMG,Indonesia,0
4984,Taxis Turisticos Marakame,,TMH,Mexico,0
4985,Tamir Airways,,TMI,Israel,0
4986,Tomahawk Airways,,TMK,United States,0
4987,TAM,,TML,Madagascar,0
4988,TMC Airlines,,TMM,United States,0
4989,TRAM,,TMQ,Mauritania,0
499,Austin Express,,TXX,United States,0
4990,Timberline Air,,TMR,Canada,0
4991,Temsco Helicopters,,TMS,United States,0
4992,Trans Midwest Airlines,,TMT,United States,0
4993,Tramon Air,,TMX,South Africa,0
4994,Transportes Aereos del Mundo Maya,,TMY,Mexico,0
4995,Tranporte Amazonair,,TMZ,Venezuela,0
4996,Trans Air-Benin,,TNB,Benin,0
4997,Taxis Aereos del Noroeste,,TNE,Mexico,0
4998,Transafricaine,,TNF,Burkina Faso,0
4999,Tennessee Air National Guard 164th Airlift Group,,TNG,United States,0
5,213 Flight Unit,,TFU,Russia,0
50,ABX Air,GB,ABX,United States,0
500,Audi Air,,AUD,AUDI AIR,0
5000,Transair International Linhas Aereas,,TNI,United States,0
5001,Tengeriyn Ulaach Shine,,TNL,Mongolia,0
5002,Tiara Air,3P,TNM,Aruba,1
5003,Transped Aviation,,TNP,Austria,0
5004,Tanana Air Services,,TNR,United States,0
5005,Trans North Turbo Air,,TNT,Canada,0
5006,Transnorthern,,TNV,United States,0
5007,Trans Nation Airways,,TNW,Ethiopia,0
5008,Trener Ltd,,TNX,Hungary,0
5009,Twin Town Leasing Company,,TNY,United States,0
501,Augusta Air Luftfahrtunternehmen,,AUF,Germany,0
5010,Tobruk Air,7T,TOB,Libya,0
5011,TOJ Airlines,,TOJ,Tajikistan,0
5012,Tol-Air Services,TI,TOL,United States,0
5013,Thomsonfly,BY,TOM,United Kingdom,1
5014,Top Air,,TOP,Turkey,0
5015,Toronto Airways,,TOR,Canada,0
5016,Tropic Air,PM,TOS,Belize,1
5017,Totavia,,TOT,Canada,0
5018,Tower Air,FF,TOW,United States,0
5019,Toyota Canada,,TOY,Canada,0
502,Abu Dhabi Amiri Flight,MO,AUH,United Arab Emirates,1
5020,TAMPA,QT,TPA,Colombia,1
5021,Top Speed,,TPD,Austria,0
5022,Taxis Aereos del Pacifico,,TPF,Mexico,0
5023,Transportes Aereos Pegaso,,TPG,Mexico,0
5024,TAR Interpilot,,TPL,Mauritania,0
5025,Transpais Aereo,,TPM,Mexico,0
5026,Transportacion Aerea del Norte,,TPN,Mexico,0
5027,Transpac Express,,TPP,Australia,0
5028,Taxis Aereos De Parral,,TPR,Mexico,0
5029,TAPSA Transportes Aereos Petroleros,,TPS,Argentina,0
503,Aeroflot-Nord,5N,AUL,Russia,1
5030,Transportes Aereo del Sureste,,TPT,Mexico,0
5031,Trans American Airlines (Trans Am),,TPU,Peru,0
5032,Thai Pacific Airlines Business,,TPV,Thailand,0
5033,Transportes Aereos De Xalapa,,TPX,Mexico,0
5034,Trans-Provincial Airlines,,TPY,Canada,0
5035,Transportes La Paz,,TPZ,Mexico,0
5036,Taquan Air Services,,TQN,United States,0
5037,Transportacion Aerea De Queretaro,,TQR,Mexico,0
5038,TransAsia Airways,GE,TNA,Taiwan,1
5039,Transavia Holland,HV,TRA,Netherlands,1
504,Air Atlantic Uruguay,,AUM,Uruguay,0
5040,Trans Air Charter,,TRC,United States,0
5041,TACV,VR,TCV,Portugal,1
5042,Trans Island Air,,TRD,Barbados,0
5043,Taxi Air Fret,,TRF,France,0
5044,TRAGSA (Medios Aereos),,TRG,Spain,0
5045,Trans Euro Air,,TRJ,United Kingdom,0
5046,Transport Aerien de Mauritanie,,TRM,Mauritania,0
5047,Tropic Airlines-Air Molokai,,TRO,United States,0
5048,Turdus Airways,,TRQ,Netherland,0
5049,Tramson Limited,,TRR,Sudan,0
505,Aviones Unidos,,AUN,Mexico,0
5050,Trans Arabian Air Transport,,TRT,Sudan,0
5051,Triangle Airline (Uganda),,TRU,Uganda,0
5052,Transwestern Airlines of Utah,,TRW,United States,0
5053,Tristar Airlines,,TRY,United States,0
5054,TransMeridian Airlines,T9,TRZ,United States,0
5055,Transair France,,TSA,France,0
5056,TAF-Linhas Aereas,,TSD,Brazil,0
5057,Transmile Air Services,TH,TSE,Malaysia,0
5058,Trans-Air-Congo,,TSG,Republic of the Congo,0
5059,Transport'air,,TSI,France,0
506,Avia Business Group,,AUP,Russia,0
5060,Trast Aero,S5,TSJ,Kyrgyzstan,0
5061,Trast Aero,,TSK,Kyrgyzstan,0
5062,Thai Aviation Services,,TSL,Thailand,0
5063,Taftan Airlines,,SBT,Iran,0
5064,Transwest Air,9T,ABS,Canada,1
5065,Trans Sayegh Airport Services,,TSM,Lebanon,0
5066,Trans-Air Services,,TSN,Nigeria,0
5067,Transaero Airlines,UN,TSO,Russia,1
5068,Transportes Aereos Inter,,TSP,Guatemala,0
5069,Trans Service Airlift,,TSR,Democratic Republic of Congo,0
507,Aero Servicios Expecializados,,SVE,Mexico,0
5070,Tri-State Aero,,TSS,United States,0
5071,TRAST,,TST,Kazakhstan,0
5072,Tropair Airservices,,TSV,United Kingdom,0
5073,Transwings,,TSW,Switzerland,0
5074,Thai Star Airlines,T9,TSX,Thailand,0
5075,Tristar Air,,TSY,Egypt,0
5076,TTA - Sociedade de Transporte e Trabalho Aereo,,TTA,Mozambique,0
5077,Transteco,,TTC,Angola,0
5078,Tarhan Tower Airlines,,TTH,Turkey,0
5079,Total Linhas Aereas,,TTL,Brazil,0
508,Aurigny Air Services,GR,AUR,United Kingdom,1
5080,Triple O Aviation,,TTP,Nigeria,0
5081,Transportaciones Y Servicios Aereos,,TTR,Mexico,0
5082,Transporte Aereo Tecnico Ejecutivo,,TTS,Mexico,0
5083,Turkmenistan Airlines,T5,TUA,Turkmenistan,1
5084,Turismo Aereo de Chile,,TUC,Chile,0
5085,Tuninter,UG,TUI,Tunisia,1
5086,Tulpar Air,,TUL,Russia,0
5087,Tyumenspecavia,,TUM,Russia,0
5088,Taxi Aereo Turistico,,TUO,Mexico,0
5089,Tulpar Air Service,,TUX,Kazakhstan,0
509,Aus-Air,NO,AUS,Australia,0
5090,Tuna Aero,,TUZ,Sweden,0
5091,Trans America Airlines,,TVA,United States,0
5092,Trabajos Aereos Vascongados,,TVH,Spain,0
5093,Tiramavia,,TVI,Moldova,0
5094,Travel Service,,TVL,Hungary,0
5095,Transavio,,TVO,Italy,0
5096,Tavrey Airlines,T6,TVR,Ukraine,0
5097,Travel Service,QS,TVS,Czech Republic,1
5098,Trans World Airlines,TW,TWA,United States,0
5099,Transwede Airways,,TWE,Sweden,0
51,ATA Brasil,,ABZ,Brazil,0
510,Austral Lineas Aereas,AU,AUT,Argentina,1
5100,Twinjet Aircraft Sales,,TWJ,United Kingdom,0
5101,Tradewinds Aviation,,TWL,Canada,0
5102,Transairways,,TWM,Mozambique,0
5103,Twente Airlines,,TWO,Netherlands,0
5104,Trans Air Welwitchia,,TWW,Angola,0
5105,Texair Charter,,TXA,United States,0
5106,Transaviaexport,AL,TXC,Belarus,0
5107,Transilvania Express,,TXE,Romania,0
5108,Taxi Aereo Cozatl,,TXL,Mexico,0
5109,Taxi Aereo de Mexico,,TXM,Mexico,0
511,Aurora Aviation,,AUU,AURORA AIR,0
5110,Texas National Airlines,,TXN,United States,0
5111,Taxis Aereos de Sinaloa,,TXO,Mexico,0
5112,Taxirey,,TXR,Mexico,0
5113,Texas Airlines,,TXS,United States,0
5114,Texas Air Charters,,TXT,United States,0
5115,Tex Star Air Freight,,TXZ,United States,0
5116,Tayflite,,TYF,United Kingdom,0
5117,Trygg-Flyg,,TYG,Sweden,0
5118,Tyrol Air Ambulance,,TYW,Austria,0
5119,Transporte Aereo Ernesto Saenz,,TZE,Mexico,0
512,Air Uganda International Ltd.,,AUX,Uganda,0
5120,Tajikstan,,TZK,Tajikistan,0
5121,Thyssen Krupp AG,,BLI,Germany,0
5122,TUIfly Nordic,6B,BLX,Sweden,1
5123,Transportes Aereos Bolivianos,,BOL,Bolivia,0
5124,Tiphook PLC,,BOX,United Kingdom,0
5125,Top Flight Air Service,,CHE,United States,0
5126,Trans America,,CLR,United States,0
5127,Triple Alpha,,CLU,Germany,0
5128,Tashkent Aircraft Production Corporation,,CTP,Uzbekistan,0
5129,Texas Airways,,CWT,United States,0
513,Aerolineas Uruguayas,,AUY,AUSA,0
5130,Transportes Aereos Don Carlos,,DCL,Chile,0
5131,Telnic Limited,,DOT,United Kingdom,0
5132,Triton Airlines,,DRC,Canada,0
5133,TAAG Angola Airlines,DT,DTA,Angola,1
5134,Tassili Airlines,SF,DTH,Algeria,0
5135,Transporte Ejecutivo Aereo,,EAR,Mexico,0
5136,Transportes Aereos Nacionales De Selva Tans,,ELV,Peru,0
5137,TAG Farnborough Airport,,FBO,United Kingdom,0
5138,Transaviaservice,,FNV,Georgia,0
5139,TAG Aviation,,FPG,Switzerland,0
514,Australian Airlines,AO,AUZ,Australia,0
5140,The 955 Preservation Group,,GFN,United Kingdom,0
5141,Trans-Air-Link,,GJB,United States,0
5142,Tradewind Aviation,,GPD,United States,0
5143,Trail Lake Flying Service,,HBA,United States,0
5144,TAF Helicopters,,HET,Spain,0
5145,Tango Bravo,,HTO,France,0
5146,Turkish Air Force,,HVK,Turkey,1
5147,Thryluthjonustan,,IHS,Iceland,0
5148,TA-Air Airline,,IRF,Iran,0
5149,Tara Air Line,,IRR,Iran,0
515,Avianca - Aerovias Nacionales de Colombia,AV,AVA,AVIANCA,1
5150,Trading Air Cargo,,JCH,Mauritania,0
5151,Trans-Kiev,,KCA,Ukraine,0
5152,Tal Air Charters,,JEL,Canada,0
5153,Transcontinental Airlines,,KRA,Kazakhstan,0
5154,Transaviabaltika,,KTB,Lithuania,0
5155,Transair-Gyraintiee,,KTS,Russia,0
5156,TAM Mercosur,PZ,LAP,Paraguay,1
5157,The Lancair Company,,LCC,United States,0
5158,The Army Aviation Heritage Foundation,,LEG,United States,0
5159,Top Sky International,,LKW,Indonesia,0
516,Aviation Beaufort,,AVB,United Kingdom,0
5160,Trans States Airlines,AX,LOF,United States,1
5161,Trans Atlantis,,LTA,Canada,0
5162,Transportacion Aerea Del Mar De Cortes,,MCT,Mexico,0
5163,Transporte Aero MGM,,MGM,Mexico,0
5164,Tigerfly,,MOH,United Kingdom,0
5165,Transportes Aereos Amparo,,MPO,Mexico,0
5166,Trans Air,,MUI,United States,0
5167,Transportes Aereos Mexiquenses,,MXQ,Mexico,0
5168,Travelsky Technology,1E,,China,0
5169,Thalys,2H,,Belgium,0
517,Alamo Aviacion,,AVD,ALAMO,0
5171,TNT International Aviation,,NTR,United Kingdom,0
5172,Open Skies Consultative Commission,1L,OSY,United States,0
5173,Trans-Pacific Orient Airways,,PCW,Philippines,0
5174,Tauranga Aer Club,,PGS,New Zealand,0
5175,TSSKB-Progress,,PSS,Russia,0
5176,Trans World Express,,RBD,United States,0
5177,Trans Reco,,REC,Mauritania,0
5178,Tas Aviation,,RMS,United States,0
5179,Tarom,RO,ROT,Romania,1
518,Aviair Aviation Ltd.,,AVF,Canada,0
5180,Transportes Aereos I.R. Crusoe,,ROU,Chile,0
5181,Transportes Aereos Sierra,,RRT,Mexico,0
5182,Tbilisi Aviation University,,RRY,Georgia,0
5183,Trans Am Compania,,RTM,Ecuador,0
5184,Trans Sahara Air,,SBJ,Nigeria,0
5185,Transportes Aereos Sierra Madre,,SEI,Mexico,0
5186,Trans Asian Airlines,,SRT,Kazakhstan,0
5187,Turan Air,3T,URN,Azerbaijan,1
5188,TRIP Linhas A,8R,TIB,Brazil,1
5189,Tusheti,,USB,Georgia,0
519,Air Falcon,,AVG,Djibouti,0
5190,TAPC Aviatrans Aircompany,,UTM,Uzbekistan,0
5191,Trans-Ulgii,,UTN,Mongolia,0
5192,Transarabian Transportation Services,,UTT,Uganda,0
5193,Transaven,,VEN,Venezuela,0
5194,Tag Aviation UK,,VIP,United Kingdom,0
5195,Tbilaviamsheni,,VNZ,Georgia,0
5196,Taxi de Veracruz,,VRC,Mexico,0
5197,Travel Express Aviation Services,,XAR,Indonesia,0
5198,Taxi Aero Del Norte,,XNR,Mexico,0
5199,Transports et Travaux A,OF,,,0
52,Avcard Services,,ACC,United Kingdom,0
520,AV8 Helicopters,,AVH,United Kingdom,0
5202,USAF Air Mobility Operations Control Center,,DOD,United States,0
5203,U.S. Department of the Interior,,DOI,United States,0
5204,United Kingdom Civil Aviation Authority,,EXM,United Kingdom,0
5205,Union des Transports Africains de Guinee,,GIH,Guinea,0
5206,US Army Parachute Team,,GKA,United States,0
5207,USA3000 Airlines,U5,GWY,United States,1
5208,United Arabian Airlines,,UAB,Sudan,0
5209,United Airlines,UA,UAL,United States,1
521,Avia Traffic Company,,AVJ,Kyrgyzstan,0
5210,United Air Charters,,UAC,Zimbabwe,1
5211,United Carriers Systems,,UCS,United States,0
5212,United Eagle Airlines,,UEA,China,0
5213,United Feeder Service,U2,,United States,0
5214,United Kingdom Civil Aviation Authority,,CFU,United Kingdom,0
5215,United Kingdom Royal VIP Flights,,KRF,United Kingdom,0
5216,United Kingdom Royal VIP Flight,,KRH,United Kingdom,0
5217,United Kingdom Civil Aviation Authority,,SDS,United Kingdom,0
5218,United Kingdom Royal VIP Flights,,TQF,United Kingdom,0
5219,United States Coast Guard Auxiliary,,CGX,United States,0
522,AV8 Helicopters,,AVK,South Africa,0
5220,United States Department Of Agriculture,,AGR,United States,0
5221,University Air Squadron,,UAD,United Kingdom,0
5222,University Air Squadron,,UAJ,United Kingdom,0
5223,University Air Squadron,,UAA,United Kingdom,0
5224,University Air Squadron,,UAH,United Kingdom,0
5225,Universal Avia,,HBU,Ukraine,0
5226,UK HEMS,,HLE,United Kingdom,0
5227,USA Jet Airlines,U7,JUS,United States,0
5228,Unijet,,LEA,France,0
5229,US Marshals Service,,MSH,United States,0
523,Aviacion Ejecutiva Mexicana,,AVM,AVEMEX,0
5230,University of North Dakota,,NDU,United States,0
5231,Universal Airlines,,PNA,United States,0
5232,Uganda Royal Airways,,RAU,Uganda,0
5233,United Aviation Services,,SAU,Spain,0
5234,Ural Airlines,U6,SVR,Russia,1
5235,Ukraine Transavia,,TRB,Ukraine,0
5236,United Arab Emirates Air Force,,UAF,United Arab Emirates,0
5237,Union Africaine des Transports,,UAI,Ivory Coast,0
5238,Uganda Air Cargo,,UCC,Uganda,0
5239,US Airports Air Charter,,UCH,United States,0
524,Air Vanuatu,NF,AVN,Vanuatu,1
5240,Ucoaviacion,,UCO,Spain,0
5241,Ues-Avia Aircompany,,UES,Ukraine,0
5242,UFS,,UFS,United States,0
5243,Uganda Airlines,,UGA,Uganda,0
5244,Urgemer Canarias,,UGC,Spain,0
5245,Ukrainian Helicopters,,UHL,Ukraine,0
5246,Ulyanovsk Higher Civil Aviation School,,UHS,Russia,0
5247,Universal Jet Rental de Mexico,,UJR,Mexico,0
5248,Universal Jet Aviation,,UJT,United States,0
5249,UK International Airlines,,UKI,United Kingdom,0
525,Aviation at Work,,AVO,South Africa,0
5250,Ukraine Air Alliance,,UKL,Ukraine,0
5251,UM Airlines,UF,UKM,Ukraine,1
5252,Ukraine Air Enterprise,,UKN,Ukraine,0
5253,United Kingdom Home Office,,UKP,United Kingdom,0
5254,Ukrainian Cargo Airways,6Z,UKS,Ukraine,0
5255,Ultrair,,ULT,United States,0
5256,Unitemp-M,,UMS,Russia,0
5257,Uni-Fly,,UNC,Denmark,0
5258,Union Flights,,UNF,United States,0
5259,Universal Jet,,UNJ,Spain,0
526,Avcorp Registrations,,AVP,United Kingdom,0
5260,Unsped Paket Servisi,,UNS,Turkey,0
5261,Unifly Servizi Aerei,,UNU,Italy,0
5262,Ukrainian Pilot School,,UPL,Ukraine,0
5263,United Parcel Service,5X,UPS,United States,0
5264,Uraiavia,,URV,Russia,0
5265,US Airways,US,USA,United States,1
5266,US Check Airlines,,USC,United States,0
5267,USAfrica Airways,,USF,United States,0
5268,US Helicopter,,USH,United States,1
5269,US Jet,,USJ,United States,0
527,Alfa Aerospace,,LFP,Australia,0
5270,US Express,,USX,United States,0
5271,UTair Aviation,UT,UTA,Russia,1
5272,UTAGE,,UTG,Equatorial Guinea,0
5273,Utair South Africa,,UTR,South Africa,0
5274,Ukrainian State Air Traffic Service Enterprise,,UTS,Ukraine,0
5275,Urartu-Air,,UTU,Armenia,0
5276,Universal Airways,,UVA,United States,0
5277,Universal Airlines,,UVG,Guyana,0
5278,Uvavemex,,UVM,Mexico,0
5279,United States Air Force,,AIO,United States,1
528,Atlantic Airfreight Aviation,,LFR,Sao Tome and Principe,0
5280,United Aviation,,UVN,Kuwait,0
5281,Uzbekistan Airways,HY,UZB,Uzbekistan,1
5282,Ukraine International Airlines,PS,AUI,Ukraine,1
5283,Universal Airlines,,WEC,United States,0
5284,US Helicopter Corporation,UH,,United States,1
5288,V Australia Airlines,VA,VAU,Australia,0
5289,V Bird Airlines Netherlands,,VBA,Netherlands,0
529,Aerolift Company,,LFT,Sierra Leone,0
5290,V-avia Airline,,WIW,Ukraine,0
5291,V-Berd-Avia,,VBD,Armenia,0
5292,Vacationair,,VAC,Canada,0
5293,Valair AG (Helicoptere),,RDW,Switzerland,0
5294,Valan International Cargo Charter,,VLA,South Africa,0
5295,Valan Limited,,VLN,Moldova,0
5296,Valfell-Verkflug,,EHR,Iceland,0
5297,Valuair,VF,VLU,Singapore,1
5298,Van Air Europe,,VAA,Czech Republic,0
5299,Vanguardia en Aviacion en Colima,,VGC,Mexico,0
53,Academy Airlines,,ACD,United States,0
530,Aviation Services,,AVQ,AQUILINE,0
5300,Vanguard Airlines,,VGD,United States,0
5301,Vasco Air,,VFC,Vietnam,1
5302,Vega,,VAG,Kazakhstan,0
5303,Vega Air Company,,WGA,Ukraine,0
5304,Veles,,WEL,VELES,0
5305,Verataxis,,VTX,Mexico,0
5306,Veritair Ltd,,BTP,United Kingdom,0
5307,Voyageur Airways,VC,VAL,Canada,0
5308,Vernicos Aviation,,GRV,Greece,0
5309,Vietnam Airlines,VN,HVN,Vietnam,1
531,Active Aero Charter,,AVR,ACTIVE AERO,0
5310,Vozdushnaya Academy,,KWA,Kazakhstan,0
5311,VIM Airlines,NN,MOV,Russia,1
5312,VIM-Aviaservice,,MVY,Russia,0
5313,VIA Rail Canada,2R,,Canada,0
5314,Victoria Aviation,,ENV,United Kingdom,0
5315,Viscount Air Service,,VCT,United States,0
5317,Vision Airlines,,SSI,Nigeria,0
5318,VIP Air Charter,,FXF,United States,0
5319,VIP Avia,,PAV,Kazakhstan,0
532,Avialsa T-35,,AVS,Spain,0
5320,VIP Avia,,PRX,Latvia,0
5321,Visionair,,VAT,Ireland,0
5322,Viasa,VA,,Venezuela,0
5323,VICA - Viacao Charter Aereos,,VCA,Brazil,0
5324,Volare Air Charter Company,,VCM,United States,0
5325,Volaris,Y4,VOI,Mexico,1
5326,Volga-Dnepr Airlines,VI,VDA,Russia,1
5327,Vega Airlines,,VEA,Bulgaria,0
5328,Venescar Internacional,,VEC,Venezuela,0
5329,Victor Echo,,VEE,Spain,0
533,Asia Avia Airlines,,AVT,Indonesia,0
5330,Virgin Express Ireland,,VEI,Ireland,0
5331,Virgin America,VX,VRD,United States,1
5332,Vieques Air Link,,VES,United States,0
5333,Virgin Express,TV,VEX,Belgium,1
5334,VZ Flights,,VFT,Mexico,0
5335,Virgin Nigeria Airways,VK,VGN,Nigeria,1
5336,Vologda State Air Enterprise,,VGV,Russia,0
5337,VH-Air Industrie,,VHA,Angola,0
5338,VHM Schul-und-Charterflug,,VHM,Germany,0
5339,Vibroair Flugservice,,VIB,Germany,0
534,Avia Sud A,,AVU,France,0
5340,VIP Servicios Aereos Ejecutivos,,VIC,Mexico,0
5341,VIP Empresarial,,VIE,Mexico,0
5342,VIF Luftahrt,,VIF,Austria,0
5343,Vega Aviation,,VIG,Sudan,0
5344,Vichi,,VIH,Moldova,0
5345,Viking Airlines,,VIK,Sweden,0
5346,Vinair - Helicoptereos,,VIN,Portugal,0
5347,Virgin Atlantic Airways,VS,VIR,United Kingdom,1
5348,Viajes Ejecutivos Mexicanos,,VJM,Mexico,0
5349,Vistajet,,VJT,Canada,0
535,Airvantage Incorporated,,AVV,United States,0
5350,Viva Macau,ZG,VVM,Macao,1
5351,Volare Airlines,VE,VLE,Italy,1
5352,Vueling Airlines,VY,VLG,Spain,1
5353,Vladivostok Air,XF,VLK,Russia,1
5354,Varig Log,LC,VLO,Brazil,1
5355,Vertical-T Air Company,,VLT,Russia,0
5356,Vero Monmouth Airlines,,VMA,United States,0
5357,Vipport Joint Stock Company,,VNK,Russia,0
5358,Viaggio Air,VM,VOA,Bulgaria,0
5359,Voyager Airlines,,VOG,Bangladesh,0
536,Aviator Airways,,AVW,Greece,0
5360,Virgin Australia,VA,VOZ,Australia,1
5361,Virgin Blue,DJ,VBI,Australia,0
5362,VIP Air,,VPA,Slovakia,0
5363,Veteran Air,,VPB,Ukraine,0
5364,VIP-Avia,,VPV,Georgia,0
5365,Vertair,,VRA,United Kingdom,0
5366,Volare Airlines,,VRE,Ukraine,0
5367,Voar Lda,,VRL,Angola,0
5368,VRG Linhas Aereas,RG,VRN,Brazil,1
5369,Vickers Limited,,VSB,United Kingdom,0
537,Aviapaslauga,,AVX,Lithuania,0
5370,Visig Operaciones Aereas,,VSG,Spain,0
5371,Vision Airways Corporation,,VSN,Canada,0
5372,Voronezh Aircraft Manufacturing Society,,VSO,Russia,0
5373,VASP,VP,VSP,Brazil,1
5374,Virign Islands Seaplane Shuttle,,VSS,United States,0
5375,Vuelos Especializados Tollocan,,VTC,Mexico,0
5376,Vuelos Corporativos de Tehuacan,,VTH,Mexico,0
5377,Vostok Airlines,,VTK,Russia,0
5378,Victor Tagle Larrain,,VTL,Chile,0
5379,Vointeh,,VTV,Bulgaria,0
538,ASL,,XXX,Belgium,0
5380,Vuelos Internos Privados VIP,,VUR,Ecuador,0
5381,Vuela Bus,,VUS,Mexico,0
5382,Vzlyet,,VZL,Russia,0
5383,VLM Airlines,VG,VLM,Belgium,1
5384,Viking Express,,WCY,United States,0
5385,Victoria International Airways,,WEV,Uganda,0
5386,Volga Aviaexpress,,WLG,Russia,0
5387,WDL Aviation,,WDL,Germany,0
5388,WRA Inc,,WRR,United States,0
5389,WSI Corporation,,XWS,United States,0
539,Air Yugoslavia,,YRG,Serbia,0
5390,Walmart Aviation,,CGG,United States,0
5391,Walsten Air Services,,WAS,Canada,0
5392,Walter I Linkoping,,GOT,Sweden,0
5393,Wapiti Aviation,,WPT,Canada,0
5394,Warbelow's Air Ventures,,WAV,United States,0
5395,Warwickshire Aerocentre Ltd.,,ATX,United Kingdom,0
5396,Wasaya Airways,,WSG,Canada,0
5397,Wayraper,7W,,Peru,1
5398,Weasua Air Transport Company,,WTC,Liberia,0
5399,WebJet Linhas A,WJ,WEB,Brazil,1
54,Aero Comondu,,ACO,Mexico,0
540,Airlink Zambia,K8,ZAK,Zambia,0
5400,Welch Aviation,,TDB,United States,0
5401,Welcome Air,2W,WLC,Austria,1
5402,Wermlandsflyg AB,,BLW,Sweden,0
5403,West Africa Airlines,,WCB,Ghana,0
5404,West African Air Transport,,WTF,Senegal,0
5405,West African Airlines,,WSF,Benin,0
5406,West African Cargo Airlines,,WAC,Mauritania,0
5407,West Air Luxembourg,,WLX,Luxembourg,0
5408,West Air Sweden,PT,SWN,Sweden,0
5409,West Caribbean Airways,,WCW,Colombia,0
541,Agence Nationale des Aerodromes et de la Meteorologie,,ZZM,Ivory Coast,0
5410,West Caribbean Costa Rica,,WCR,Costa Rica,0
5411,West Coast Air,8O,,Canada,1
5412,West Coast Airlines,,WCG,Ghana,0
5413,West Coast Airways,,WCA,Sierra Leone,0
5414,West Freugh DTEO,,TEE,United Kingdom,0
5415,West Wind Aviation,,WEW,Canada,0
5416,WestJet,WS,WJA,Canada,1
5417,Westair Aviation,,WAA,Namibia,0
5418,Westair Cargo Airlines,,WSC,Cote d'Ivoire,0
5419,Westair Industries,,PCM,United States,0
542,Airbus Transport International,,BGA,France,0
5420,Westcoast Energy,,BLK,Canada,0
5421,Western Air,,WST,Bahamas,0
5422,Western Air Couriers,,NPC,United States,0
5423,Western Air Express,,WAE,United States,0
5424,Western Airlines,WA,WAL,United States,1
5425,Western Arctic Air,,WAL,Canada,0
5426,Western Aviators,,WTV,United States,0
5427,Western Express Air Lines,,WES,Canada,0
5428,Western Pacific Airlines,,KMR,United States,0
5429,Western Pacific Airservice,,WPA,Solomon Islands,0
543,Air Bangladesh,B9,BGD,Bangladesh,1
5430,Westflight Aviation,,WSL,United Kingdom,0
5431,Westgates Airlines,,WSA,United States,0
5432,Westland Helicopters,,WHE,United Kingdom,0
5433,Westpoint Air,,WTP,Canada,0
5434,Westward Airways,CN,WWD,United States,0
5435,White,,WHT,Portugal,0
5436,White Eagle Aviation,,WEA,Poland,0
5437,White River Air Services,,WRA,Canada,0
5438,Whyalla Airlines,,WWL,Australia,0
5439,Widerøe,WF,WIF,Norway,1
544,Aviodetachment-28,,BGF,Bulgaria,0
5440,Wiggins Airways,,WIG,United States,0
5441,Wiking Helikopter Service,,WHS,Germany,0
5442,Wilbur's Flight Operations,,WFO,United States,0
5443,Williams Air,,WLS,United States,0
5444,Williams Grand Prix Engineering,,WGP,United Kingdom,0
5445,Wimbi Dira Airways,,WDA,Democratic Republic of Congo,0
5446,Winair,,WNA,United States,0
5447,Wind Jet,IV,JET,Italy,1
5448,Wind Spirit Air,,WSI,United States,0
5449,Windrose Air,,QGA,Germany,0
545,Aero BG,,BGG,Mexico,0
5450,Windward Islands Airways International,,WIA,Netherland,0
5451,Wings Air,IW,WON,Indonesia,1
5452,Wings Air Transport,,WAT,Sudan,0
5453,Wings Airways,,WAW,United States,0
5454,Wings Aviation,,WOL,Guyana,0
5455,Wings Express,,WEX,United States,0
5456,Wings of Alaska,K5,WAK,United States,0
5457,Wings of Lebanon Aviation,,WLB,Lebanon,0
5458,Winlink,,WIN,Saint Lucia,0
5459,Wisconsin Air National Guard,,WAG,United States,0
546,Aerotaxis De La Bahia,,BHC,Mexico,0
5460,Wisman Aviation,,WSM,United States,0
5461,Wizz Air,W6,WZZ,Hungary,1
5462,Wizz Air Hungary,8Z,WVL,Bulgaria,1
5463,Wondair on Demand Aviation,,WNR,Spain,0
5464,Woodgate Executive Air Charter,,CWY,United Kingdom,0
5465,World Airways,WO,WOA,United States,1
5466,World Weatherwatch,,XWW,Canada,0
5467,World Wing Aviation,,WWM,Kyrgyzstan,0
5468,Worldspan,1P,,United States,0
5469,Worldwide Air Charter Systems,,CSW,Canada,0
547,Air Mediterranee,DR,BIE,France,1
5470,Worldwide Aviation Services,,WWS,Pakistan,0
5471,Worldwide Jet Charter,,WWI,United States,0
5472,Wright Air Lines,,WRT,United States,0
5473,Wright Air Service,8V,WRF,United States,0
5474,Wuhan Airlines,,CWU,China,0
5475,Wycombe Air Centre,,WYC,United Kingdom,0
5476,Wyoming Airlines,,WYG,United States,0
5479,XL Airways France,SE,SEU,France,1
548,Aviaservice,,BIV,Georgia,0
5480,XP Internation,,XPS,Netherlands,0
5481,Xabre Aerolineas,,XAB,Mexico,0
5482,Xclusive Jet Charter Limited,,XJC,United Kingdom,0
5483,Xerox Corporation,,XER,United States,0
5484,Xiamen Airlines,MF,CXA,China,1
5485,Xinjiang Airlines,,CXJ,China,0
5486,Xjet Limited,,XJT,United Kingdom,0
5487,Xtra Airways,XP,CXP,United States,0
549,Aerolineas De El Salvador,,SZA,El Salvador,0
5490,Yak-Service,,AKY,Russia,0
5491,Yakolev,,YAK,Russia,0
5492,Yamal Airlines,YL,LLM,Russia,1
5493,Yana Airlines,,CYG,Cambodia,0
5494,Yangtze River Express,Y8,YZR,China,0
5495,Yellow Wings Air Services,,ELW,Kenya,0
5496,Yemenia,IY,IYE,Yemen,1
5497,Yerevan-Avia,,ERV,Armenia,0
5498,Young Flying Service,,YFS,United States,0
5499,Yuhi Air Lines,,AYU,Japan,0
55,Astral Aviation,8V,ACP,Kenya,1
550,Swaziland Airlink,,SZL,Swaziland,0
5500,Yuzhnaya Aircompany,,UGN,Kazakhstan,0
5501,Yuzhmashavia,,UMK,Ukraine,1
5504,Z-Avia,,RZV,Armenia,0
5505,Zagros Airlines,,IZG,Iran,0
5506,Zaire Aero Service,,ZAI,Democratic Republic of Congo,0
5507,Zairean Airlines,,ZAR,Democratic Republic of Congo,0
5508,Zambian Airways,Q3,MBN,Zambia,0
5509,Zambezi Airlines,,ZMA,Zambia,0
551,Air Moorea,,TAH,France,1
5510,Zanair,,TAN,Tanzania,1
5511,Zantop International Airlines,,ZAN,United States,0
5512,ZAS Airlines of Egypt,,ZAS,Egypt,0
5513,Zenith Air,,AZR,South Africa,0
5514,Zenmour Airlines,,EMR,Mauritania,0
5515,Zephyr Express,,RZR,United States,0
5516,Zhejiang Airlines,,CJG,China,0
5517,Zhetysu,,JTU,Kazakhstan,0
5518,Zhez Air,,KZH,Kazakhstan,0
5519,Zhongfei General Aviation,,CFZ,China,0
552,Aerovaradero,,AVY,AEROVARADERO,0
5520,Zhongyuan Aviation,,CYN,China,0
5521,Zip,3J,WZP,Canada,0
5522,Zimex Aviation,C4,IMX,Switzerland,0
5523,Zoom Airlines,Z4,OOM,Canada,1
5524,Zoom Airways,,ZAW,Bangladesh,0
5525,Zorex,,ORZ,Spain,0
5526,Zracno Pristaniste Mali Losinj,,MLU,Croatia,0
553,Air Valencia,,AVZ,Spain,0
5533,Tyrolean Airways,,TYR,,1
554,Airways International,,AWB,AIRNAT,0
555,Airwork,,AWK,New Zealand,0
5556,buzz,UK,BUZ,,0
5559,Maldivian Air Taxi,8Q,,Maldives,1
556,Australian Wetleasing,,AWL,Australia,0
557,Air Niamey,,AWN,Niger,0
558,Awood Air Ltd.,,AWO,Canada,0
5584,Sky Express,XW,SXR,Russia,1
559,Arctic Wings And Rotors Ltd.,,AWR,Canada,0
56,Air Cess,,ACS,Liberia,0
560,Auo Airclub AIST-M,,ISM,Russia,0
561,Arab Wings,,AWS,Jordan,0
562,Air West,,AWT,Canada,0
563,Aeroline GmbH,7E,AWU,Germany,1
564,Airwave Transport,,AWV,AIRWAVE,0
5640,Yellow Air Taxi,Y0,,United States,0
565,Air Wales,6G,AWW,United Kingdom,1
5651,Royal Air Cambodge,VJ,RAC,Cambodia,1
566,Aeroway,,AWY,AEROWEE,0
567,Air Caraïbes,TX,FWI,France,1
568,AirWest,,AWZ,Sudan,0
569,Air India Express,IX,AXB,India,1
57,Air Aurora,,AAI,United States,0
570,Air Express,,AXD,Sudan,0
571,Asian Express Airlines,HJ,AXF,Australia,0
572,Aeromexhaga,,AXH,Mexico,0
573,Aeron International Airlines,,AXI,AIR FREIGHTER,0
574,African Express Airways,,AXK,Kenya,0
575,Air Exel,XT,AXL,Netherlands,1
576,AirAsia,AK,AXM,Malaysia,1
577,Alexandair,,AXN,Greece,0
578,Aeromax,,AXP,Spain,0
579,Action Airlines (Action Air Charter),,AXQ,United States,0
58,Air Cargo Transportation System,,ACU,Kenya,0
580,Alberni Airways,,BNI,Canada,0
581,Aerolineas Bonanza,,BNZ,Mexico,0
5813,Air Mandalay,6T,,Burma,1
582,Aerobona,,BOC,Mexico,0
583,Aboitiz Air,,BOI,Philippines,0
5833,TEA Switzerland,,4SW,Switzerland,0
584,Axel Rent,,AXR,RENTAXEL,0
585,Altus Airlines,,AXS,United States,0
586,Aviaxess,,AXV,France,0
587,Avioimpex A.D.p.o.,,AXX,Macedonia,0
588,Axis Airways,6V,AXY,France,0
589,Aladia Airlines,,AYD,Mexico,0
59,Air Charter Service,,ACV,United Kingdom,0
590,Aykavia Aircompany,,AYK,Armenia,0
5905,TAN-SAHSA,SH,,Honduras,0
591,Airman,,AYM,AIRMAN,0
592,Atlantic Airlines,,AYN,ATLANTIC NICARAGUA,0
593,Awsaj Aviation Services,,AYS,Libya,0
594,Ayeet Aviation & Tourism,,AYT,Israel,0
595,Atlant-Soyuz Airlines,3G,AYZ,Russia,1
596,Alitalia,AZ,AZA,Italy,1
597,Azamat,,AZB,Kazakhstan,0
598,Arcus-Air Logistic,ZE,AZE,Germany,0
5982,Air Busan,BX,ABL,Republic of Korea,1
599,Air Zermatt AG,,AZF,Switzerland,0
6,223 Flight Unit State Airline,,CHD,Russia,0
60,Aero Asia International,E4,RSO,Pakistan,0
600,Azalhelikopter,,AZK,Azerbaijan,0
6002,TUI Airlines Belgium,TB,TUB,Belgium,0
601,Africa One,,AZL,Zambia,0
602,Aerocozumel,,AZM,Mexico,0
603,Amaszonas,Z8,AZN,Bolivia,1
604,Arizona Pacific Airways,,AZP,United States,0
605,Aviacon Zitotrans Air Company,,AZS,Russia,0
606,Azimut,,AZT,AZIMUT,0
607,Azov Avia Airlines,,AZV,Ukraine,0
608,Air Zimbabwe,UM,AZW,Zimbabwe,1
609,Aero Jomacha,,MHC,Mexico,0
61,Air Charters,,ACX,Canada,0
610,Air Memphis,,MHS,Egypt,0
611,Air Memphis,,MHU,Uganda,0
612,Air Marrakech Service,,MKH,Morocco,0
613,Air Max Africa,,AZX,Gabon,0
614,Arizona Airways,,AZY,ARIZAIR,0
615,Azza Transport,,AZZ,Sudan,0
616,Air Continental Inc,,NAR,United States,0
617,Antanik-Air,,NAU,Ukraine,0
618,Air Newark,,NER,United States,0
6182,Arctic Air,,AKR,Norway,0
6183,Braathens,BU,BRA,Norway,0
619,Aircraft Support and Services,,NFF,Lebanon,0
6196,Globus,GH,GLP,Russia,1
62,Air Togo,YT,TGA,Togo,0
620,Aerobanana,,OBA,Mexico,0
621,Amako Airlines,,OBK,Nigeria,0
622,Aserca Airlines,R7,OCA,Venezuela,1
6222,Air Kazakhstan,9Y,KZK,Kazakhstan,1
623,Afrique CArgo Service Senegal,,NFS,Senegal,0
624,Angoservice,,NGC,Angola,0
625,Angel Airlines,,NGE,Thailand,0
626,Angel Flight America,,NGF,United States,0
627,Air Atonabee,,OUL,Canada,0
628,Aero Nova,,OVA,Spain,0
629,Amira Air,,XPE,Austria,0
63,Air Somalia,,RSM,Somali Republic,0
630,Aero Express Intercontinental,,XSS,Mexico,0
631,Advance Aviation Services,,XTJ,United States,0
632,Air Libya Tibesti,,TLR,Libya,0
633,Aerovic,,OVC,Ecuador,0
634,Airventure,,RVE,Belgium,0
635,Aero Servicios,,RVI,Mexico,0
636,Airvallee,,RVL,Italy,0
637,Aeromover,,OVE,Mexico,0
638,Aerovias Ejecutivas,,OVI,Mexico,0
639,Aero Servicio Pity,,PTD,Mexico,0
64,Atlas Cargo Lines,,ACY,Morocco,0
640,Aero Copter,,PTE,Mexico,0
641,Rossiya-Russian Airlines,FV,SDM,Russia,1
642,Air Pal,,PLL,Spain,0
643,Air Pullmantur,,PLM,Spain,0
644,Aviaexpress,RX,AEH,Hungary,0
645,Aviones Para Servirle,,PSG,Mexico,0
646,Avio Sluzba,,SLU,Serbia,0
647,Air Scorpio,,SCU,Bulgaria,0
648,Air Spirit,,SIP,United States,0
649,Alatau Airlines,,BMV,Kazakhstan,0
65,Airservices Australia,,ADA,Australia,0
650,Aviateca,,GUG,Guatemala,0
651,Aroostook Aviation,,PXX,United States,0
652,Aeropycsa,,PYC,Mexico,0
653,Association of Private Pilots of Kazakhstan,,PVK,Kazakhstan,0
654,The Amiri Flight,,BAH,Bahrain,0
655,Aero Services,,BAS,Barbados,0
6557,Japan Air System,JD,JAS,Japan,1
656,Ababeel Aviation,,BBE,Sudan,0
657,Air Bashkortostan,,BBT,Russia,0
6578,Annsett New Zealand (NZA),ZQ,,New Zealand,0
658,Ambulance Air Africa,,MCY,South Africa,0
659,American Eagle Airlines,MQ,EGF,United States,1
66,Advance Leasing Company,4G,,United States,0
660,Aeropuelche,,PUE,Chile,0
661,Aeroput,,PUT,Serbia,0
662,Azzurra Air,,AZI,Italy,0
663,Airshop,FF,,Netherlands,0
664,African Transport Trading and Investment Company,ML,,Sudan,0
665,AD Aviation,,VUE,United Kingdom,1
666,Aero Costa Taxi Aereo,,XCT,Mexico,0
667,Aerovitro,,VRO,Mexico,0
668,Aerotaxi Villa Rica,,VRI,Mexico,0
669,Aerovega,,VEG,Mexico,0
67,Aztec Worldwide Airlines,7A,,United States,0
670,Aerovilla,,VVG,Colombia,0
671,Aerolineas Villaverde,,VLR,Mexico,0
672,Aero Air,,WIL,United States,0
673,Aero Ejecutivos,,VEJ,Venezuela,0
674,Aero Industries Inc,,WAB,United States,0
675,Aero Servicios Vanguardia,,VNG,Mexico,0
676,Aero Taxi Los Valles,,VAD,Spain,0
677,Aero Vilamoura,,VMR,Portugal,0
678,Aero Virel,,VLS,Mexico,0
679,Aeronautical Radio Inc,,XAA,United States,0
68,Air Tindi,8T,,Canadian Territories,1
680,Aerovuelox,,VUO,Mexico,0
681,Aeronaves TSM,,VTM,Mexico,0
682,Air Ivoire,VU,VUN,Ivory Coast,1
683,Air Botswana,BP,BOT,Botswana,1
684,Air-Rep,,XPR,United States,0
685,Air Excel,,XLL,Tanzania,0
6855,EasyJet (DS),DS,,Switzerland,1
6856,Rheintalflug,,RTL,Austria,0
686,Air Evans,,VAE,Spain,0
6860,Dan-Air London,,DAN,United Kingdom,0
6862,Fred. Olsen,,FOF,Norway,0
687,Air Sorel,,WHY,Canada,0
688,Air Net Private Charter,,WDR,United States,0
689,Air Executive Charter,,XEC,Germany,0
69,Antonov Airlines,,ADB,Ukraine,0
690,Air Foyle,GS,UPA,United Kingdom,1
691,Air Midwest,,VTY,Nigeria,0
692,Air Tahiti,VT,VTA,French Polynesia,1
693,Air Urga,3N,URG,Ukraine,0
694,Air Vardar,,VDR,Macedonia,0
695,Air VIA,VL,VIM,Bulgaria,1
696,Air Walser,,WLR,Italy,0
697,Aircompany Rosavia,,URA,Ukraine,0
698,Aircraft Performance Group,,XLB,United States,0
699,Airwaves Airlink,,WLA,Zambia,0
7,224th Flight Unit,,TTF,Russia,0
70,Air Atlantic Dominicana,,ADC,Dominican Republic,0
700,Airways Corporation of New Zealand,,XFX,New Zealand,0
701,Airways,,WAY,France,0
702,Airwings oy,,WGS,Finland,0
703,Airkenya,,XAK,Kenya,0
704,Air-Lift Associates,,WPK,United States,0
705,Airtrans Ltd,,VAB,Russia,0
706,ARP 410 Airlines,,URP,Ukraine,0
707,Auckland Regional Rescue Helicopter Trust,,WPR,New Zealand,0
708,Aurora Airlines,,URR,Slovenia,0
709,Austro Aereo,,UST,Ecuador,0
71,Advanced Air Co.,,ADD,Japan,0
710,Aviation Partners,,WLT,United States,0
711,Avialift Vladivostok,,VLV,Russia,0
712,Aviacion Comercial de America,,VME,Mexico,0
713,Aviast Air,,VVA,Russia,0
714,Aviation North,,WLV,United States,0
715,Africa West,FK,WTA,Togo,1
716,Avient Air Zambia,,VNT,Zambia,0
717,Aviazur,,VZR,France,0
718,Aviaprad,,VID,Russia,0
719,Avirex,G2,VXG,Gabon,0
72,Ada Air,ZY,ADE,Albania,1
720,Aviaexpress Aircompany,,VXX,Ukraine,0
721,AMR Services Corporation,,XAM,United States,0
722,Airline Operations Services,,XAO,United States,0
723,Airlines 400,,VAZ,Russia,0
724,ATRAN Cargo Airlines,V8,VAS,Russian Federation,1
725,Ameravia,,VAM,Uruguay,0
726,Angkor Air,,VAV,Cambodia,0
727,AVB-2004 Ltd,,VBC,Bulgaria,0
728,ASECNA,,XKX,France,0
729,AT and T Aviation Division,,XAT,United States,0
73,Aerea Flying Training Organization,,ADG,Spain,0
730,Avalair,,VAI,Serbia,0
731,Averitt Air Charter,,VRT,United States,0
732,Avensa,VE,AVE,Venezuela,0
733,Avolar Aerolineas,V5,VLI,Mexico,0
734,Avstar Aviation,,VSA,South Africa,0
735,AVESCA,,VSC,Colombia,0
736,Aviaprom Enterprises,,XAV,Russia,0
737,Avia Trans Air Transport,,VTT,Sudan,0
738,Aviostart AS,,VSR,Bulgaria,0
739,Aviacao Transportes Aereos e Cargas,,VTG,Angola,0
74,Audeli Air,,ADI,Spain,0
740,Assistance Aeroportuaire de L'Aeroport de Paris,,XJA,France,0
741,American Flight Service Systems,,XFS,United States,0
742,AASANA,,XXV,Bolivia,0
743,Australian air Express,,XME,Australia,0
744,AMS Group,,XMG,Russia,0
745,Air Caraibes Atlantique,,CAJ,France,0
746,Air China Cargo,,CAO,China,0
747,Aerovias Caribe,,CBE,Mexico,0
748,Aerotaxi del Cabo,,CBO,Mexico,0
749,Air Columbus,,CBS,Ukraine,0
75,Abicar,,ADJ,Ivory Coast,0
750,Aero Cabo,,CBV,Mexico,0
751,Air China,CA,CCA,China,1
752,Aerocardal,,CDA,Chile,0
753,Aero Condor Peru,Q6,CDP,Peru,1
754,Aerotrans,,CDU,Russia,0
755,Airline Skol,,CDV,Russia,0
756,Aerofan,,CFF,Spain,0
757,ACEF,,CFM,Portugal,0
758,Africa One,,CFR,Democratic Republic of the Congo,0
759,Aero Calafia,,CFV,Mexico,0
76,ADC Airlines,Z7,ADK,Nigeria,0
760,Air Cargo Belize,,CGB,Belize,0
761,Aero Clube Do Algarve,,CGV,Portugal,0
762,Air Great Wall,,CGW,China,0
763,Aircompany Chaika,,CHJ,Ukraine,0
764,Air Charter Services,,CHR,Democratic Republic of the Congo,0
765,Air Charter Professionals,,CHV,United States,0
766,Asia Continental Airlines,,CID,Kazakhstan,0
767,Arctic Circle Air Service,5F,CIR,United States,0
768,Aviation Charter Services,,CKL,United States,0
769,Aerovias Castillo,,CLL,Mexico,0
77,Aero Dynamics,,ADL,United Kingdom,0
770,Aero Club De Portugal,,CLP,Portugal,0
771,Air Care Alliance,,CMF,United States,0
772,Aero Continente Dominicana,,CND,Dominican Republic,0
773,Air Toronto,,CNE,Canada,0
774,Aquila Air,,CNH,United States,0
775,Air Consul,,CNU,Spain,0
776,Allcanada Express,,CNX,Canada,0
777,ATS Private Company,,CPF,Ukraine,0
778,Air Corridor,QC,CRD,Mozambique,0
779,Air Central,NV,CRF,Japan,0
78,Aerolineas Dominicanas,,ADM,Dominican Republic,0
780,Air Cruzal,,CRJ,Angola,0
781,Aerotransportes Corporativos,,CRP,Mexico,0
782,Air Creebec,,CRQ,Canada,0
783,Aero Charter and Transport,,CTA,United States,0
784,Air Tenglong,,CTE,China,0
785,Aerlineas Centauro,,CTR,Mexico,0
786,Aerocuahonte,,CUO,Mexico,0
787,Air Chathams,CV,CVA,New Zealand,1
788,Air Marshall Islands,CW,CWM,Marshall Islands,1
789,Australian Customs Service,,CWP,Australia,0
79,Aerodienst GmbH,,ADN,Germany,0
790,Air One Cityliner,,CYL,Italy,0
791,Air Transport,,CYO,United States,0
792,Access Air,ZA,CYD,United States,1
793,Aerocheyenne,,CYE,Mexico,0
794,Air Algerie,AH,DAH,Algeria,1
795,Aerovias DAP,,DAP,Chile,0
796,Air Alpha,,DBA,United States,0
797,Air Niagara Express,,DBD,Canada,0
798,Aviation Defense Service,,DEF,France,0
799,Air Service Groningen,,DEG,Netherlands,0
8,247 Jet Ltd,,TWF,United Kingdom,0
80,Aerodiplomatic,,ADP,Mexico,0
800,Adam Air,KI,DHI,Indonesia,1
801,Astar Air Cargo,ER,DHL,United States,0
802,Archer Aviation,,DHM,United Kingdom,0
803,Aeromedica,,DIC,Mexico,0
804,Aerodin,,DIN,Mexico,0
805,Antinea Airlines,HO,DJA,Algeria,0
806,Air Djibouti,,DJU,Djibouti,0
807,Air Dolomiti,EN,DLA,Italy,1
808,Aero Modelo,,DLS,Mexico,0
809,Aerolineas Del Sur,,DLU,Chile,0
81,Aerodyne,,ADY,United States,0
810,Aerodinamica de Monterrey,,DMC,Mexico,0
811,Aeroservicios Dinamicos,,DMI,Mexico,0
812,Aerotaxis Dosmil,,DML,Mexico,0
813,Aerodespachos De El Salvador,,DNA,El Salvador,0
814,Aeroynamics Malaga,,DNC,Spain,0
815,Aerodynamics Incorporated,,DNJ,United States,0
816,Aeroflot-Don,D9,DNV,Russia,1
817,Air Madrid,NM,DRD,Spain,1
818,Airways Flight Training,,DRM,United Kingdom,0
819,Aeronaves Del Noreste,,DRO,Mexico,0
82,Avion Taxi,,ADQ,Canada,0
820,Addis Air Cargo Services,,DSC,Ethiopia,0
821,Aero Algarve,,DSK,Portugal,0
822,Aex Air,,DST,United States,0
823,Aero Davinci International,,DVI,Mexico,0
824,Aero Dynamics,,DYN,United States,0
825,Aeroservicios Ecuatorianos,,EAE,Ecuador,0
826,Aero-Pyrenees,,EAP,France,0
827,Air Transport,,EAT,Slovakia,0
828,Aero Airlines,EE,EAY,Estonia,0
829,Aero Ejecutivo De Baja California,,EBC,Mexico,0
83,Adria Airways,JP,ADR,Slovenia,1
830,Air City,4F,ECE,Germany,0
831,Aero Ejecutivos RCG,,ECG,Mexico,0
832,Aeronautica Castellana,,ECL,Spain,0
833,Aerolineas Comerciales,,ECM,Mexico,0
834,Aerolineas Nacionales Del Ecuador,,EDA,Ecuador,0
835,Air Este,,EET,Spain,0
8359,Star Peru (2I),2I,,Peru,1
836,Air Mana,,EFC,France,0
837,Aer Lingus,EI,EIN,Ireland,1
838,Aeroservicios Ejecutivos Corporativos,,EJP,Mexico,0
839,Alpi Eagles,E8,ELG,Italy,0
84,Aviones de Sonora,,ADS,Mexico,0
840,Arrendoora y Transportadora Aerea,,END,Mexico,0
841,Eliossola,,EOS,Italy,0
842,Shenzhen Donghai Airlines,,EPA,China,0
843,Aeronaves Del Noroeste,,ENW,Spain,0
8434,Robin Hood Aviation,,RHA,Austria,0
844,Airailes,,EOL,France,0
845,Aero Ermes,,EOM,Mexico,0
846,Aero Transportes Empresariales,,EPL,Mexico,0
8461,Carnival Air Lines,KW,,United States,1
8463,United Airways,4H,UBD,Bangladesh,1
847,Epps Air Service,,EPS,United States,0
848,Aero Empresarial,,EPE,Mexico,0
849,Air S,KY,EQL,Air S,0
85,Air Dorval,,ADT,Canada,0
850,Avianergo,,ERG,Russia,0
851,Aero Servicios Regiomontanos,,ERI,Mexico,0
852,Aerosec,,ERK,Chile,0
8523,Inter European Airways,,IEA,United Kingdom,0
853,Aeromaan,,ERM,Mexico,0
854,Aerosaba,,ESB,Mexico,0
855,Avitat,,ESO,United Kingdom,0
856,Aerolineas Ejecutivas Del Sureste,,ESU,Mexico,0
8568,Trans Maldivian Airways,M8,TMW,Maldives,0
857,Aeronautica Le Esperanza,,ESZ,Mexico,0
8576,Fly540,5H,FFV,Kenya,1
858,ATTICO,,ETC,Sudan,0
859,Aero Siete,,ETE,Mexico,0
86,Airdeal Oy,,ADU,Finland,0
860,Air Atlanta Europe,,EUK,United Kingdom,0
861,Air Evex,,EVE,Germany,0
862,Aeronautical Academy of Europe,,EVR,Portugal,0
863,Air Exchange,,EXG,United States,0
864,Atlantic Helicopters,,FAC,Denmark,0
865,Argentine Air Force,,FAG,Argentina,0
866,Air Fiji,PC,FAJ,Fiji,0
867,AF-Air International,,FAN,Angola,0
868,Aviation Data Systems,,FBW,United States,0
869,Air Carriers,,FCI,United States,0
87,Advance Air Charters,,ADV,Canada,0
870,Aerofrisco,,FCO,Mexico,0
871,Alfa 4,,FCU,Mexico,0
872,African Airlines,,FDA,Mali,0
873,African Medical and Research Foundation,,FDS,Kenya,0
874,Aero Freight,,FGT,Mexico,0
8745,Transavia France,TO,TVF,France,1
875,Aerosafin,,FIC,Mexico,0
876,Air Finland,OF,FIF,Finland,1
877,Aerodata Flight Inspection,,FII,Germany,0
878,Airfix Aviation,,FIX,Finland,1
879,Air Pacific,FJ,FJI,Fiji,1
88,Air Andaman,,ADW,Thailand,0
880,Air Falcon,,FLD,Pakistan,0
8809,Island Air (WP),WP,MKU,United States,1
881,Atlantic Airways,RC,FLI,Faroe Islands,1
882,Air Florida,QH,FLZ,United States,1
883,Air Fret De Mauritanie,,FMT,Mauritania,0
884,Avio Nord,,FNM,Italy,0
885,Aeroflota Del Noroeste,,FNO,Spain,0
886,Aero Fenix,,FNX,France,0
887,Ford Motor Company,,FRD,United States,0
888,African Company Airlines,,FPY,Democratic Republic of the Congo,0
889,Afrijet Airlines,,FRJ,Nigeria,0
89,Anderson Aviation,,ADX,United States,0
890,Afrika Aviation Handlers,,FRK,Kenya,0
891,Afrique Chart'air,,FRQ,Cameroon,0
892,Aerofreight Airlines,,FRT,Russia,0
893,Aereos Limited,,FST,United Kingdom,0
894,Air Affaires Tchad,,FTC,Chad,0
895,ABC Bedarsflug,,FTY,Austria,0
896,Air Iceland,NY,FXI,Iceland,1
897,Air Philippines,2P,GAP,Philippines,1
898,Aerogaucho,,GAU,Uruguay,0
899,Aero Business Charter,,GBJ,Germany,0
9,3D Aviation,,SEC,United States,0
90,Air Europa,UX,AEA,Spain,1
900,Atlantic Airlines,,GBN,Gabon,0
901,Aeronor,,GCF,Spain,0
9018,1-2-go,OG,,Thailand,0
902,Aerogem Cargo,,GCK,Ghana,0
903,Aerovias del Golfo,,GFO,Mexico,0
904,Aeronautica,,GGL,Angola,0
905,Air Georgian,ZX,GGN,Canada,0
906,Aviance,,GHL,United Kingdom,0
907,Air Ghana,,GHN,Ghana,0
908,African International Transport,,GIL,Guinea,0
9082,Uni Air,B7,UIA,Taiwan,1
909,Air Guinee Express,2U,GIP,Guinea,1
91,Air Southwest Ltd.,,ASW,Canada,0
910,Africa Airlines,,GIZ,Guinea,0
911,Air Gemini,,GLL,Angola,0
912,Aero Charter,,GLT,United States,0
913,Aguilas Mayas Internacional,,GME,Guatemala,0
9135,Gomelavia,YD,,Belarus,1
914,Aerotaxis Guamuchil,,GMM,Mexico,0
915,Aeroservicios Gama,,GMS,Mexico,0
916,Amber Air,0A,GNT,Lithuania,0
917,Alberta Government,,GOA,Canada,0
918,Air Scotland,,GRE,Greece,0
919,Air Georgia,DA,GRG,Georgia,0
92,Air Special,,ASX,Czech Republic,0
920,Air Cargo Center,,GRI,Sao Tome and Principe,0
921,Air Greenland,GL,GRL,Denmark,1
922,Allegro,LL,GRO,Mexico,0
9225,NordWind Airlines,,NWS,Russia,0
923,Agroar - Trabalhos Aereos,,GRR,Portugal,0
9239,Red Wings,WZ,RWZ,Russia,1
924,Aircompany Grodno,,GRX,Belarus,0
925,Airlift Alaska,,GSP,United States,0
926,Agrocentr-Avia,,GSV,Kazakhstan,0
927,Altin Havayolu Tasimaciligi Turizm Ve Ticaret,,GTC,Turkey,0
928,Atlas Air,5Y,GTI,United States,1
9286,Hellenic Star Airways,,HST,Greece,0
9287,BAE Systems Flight Training,,BAZ,Australia,0
929,Aerotaxi Grupo Tampico,,GTP,Mexico,0
93,Aero Benin,EM,AEB,Benin,1
930,Aerotaxis de Aguascalientes,,GUA,Mexico,0
931,Air Guyane,GG,GUY,French Guiana,1
932,Air Victoria Georgia,,GVI,Georgia,0
933,Air D'Ayiti,H9,HAD,Haiti,0
9335,TUIfly (X3),11,,Germany,1
934,Air Comores International,GG,HAH,Comoros,0
9343,Felix Airways,FU,FXX,Yemen,1
9344,Kostromskie avialinii,K1,KOQ,Russia,1
935,Air Taxi,,HAT,France,0
936,Aerohein,,HEI,Chile,0
937,Atlantic Air Lift,,HGH,France,0
9373,Greenfly,XX,GFY,Spain,1
938,Atlantic Airlines de Honduras,,HHA,Honduras,0
939,Aviacion Ejecutiva De Hildago,,HID,Mexico,0
94,Aerocesar,,AEC,AEROCESAR,0
940,Air Haiti,,HJA,Haiti,0
941,Al Rais Cargo,,HJT,United Arab Emirates,0
942,Air-Invest,,HKH,Hungary,0
943,Air Tahoma,,HMA,United States,0
944,Air Nova,,HMT,Canada,0
945,Aero Homex,,HOM,Mexico,0
946,Almiron Aviation,,HPO,Uganda,0
947,Avinor,,HQO,Norway,0
948,Airlink Airways,,HYR,Ireland,0
949,Air Horizon,8C,HZT,Togo,0
95,Aerotrans Airlines,,AED,Russia,0
950,AC Insat-Aero,,IAE,Russia,0
951,Air Inter Cameroun,,ICM,Cameroon,0
952,Air Lift,,IFI,Greece,0
953,Aero Survey,,IKM,Ghana,0
9531,Tajik Air,7J,,Tajikistan,1
954,Aero Airline,,ILK,Kazakhstan,0
9541,Air Mozambique,TM,,Mozambique,1
955,Airtime Charters,,IME,United Kingdom,0
956,Aerotaxis Cimarron,,IMN,Mexico,0
957,Aero International,,INA,Mexico,0
9577,ELK Airways,--,ELK,Estonia,1
958,Aeroingenieria,,ING,Chile,0
959,Aeroservicios Intergrados de Norte,,INO,Mexico,0
96,Aegean Airlines,A3,AEE,Greece,1
960,Airpull Aviation,,IPL,Spain,0
961,Arvand Airlines,,IRD,Iran,0
962,Atlas Aviation Group,,IRH,Iran,0
9620,Gabon Airlines,GY,GBK,Gabon,1
9626,MCA Airlines,,MCA,Sweden,1
963,Aram Airline,,IRW,Iran,0
964,Aria Tour,,IRX,Iran,0
965,Aerotaxi,,ITE,Czech Republic,0
9656,Maldivo Airlines,ML,MAV,Maldives,1
966,Avita-Servicos Aereos,,ITF,Angola,0
9666,Virgin Pacific,VH,VNP,Fiji,1
967,Aero Citro,,ITO,Mexico,0
968,Air Executive,,IVE,Spain,0
969,Aviainvest,,IWS,Russia,0
97,Aerofumigaciones Sam,,AEG,Chile,0
970,Air Bagan,W9,JAB,Myanmar,1
971,Aerojal,,JAD,Mexico,0
972,Airlink,,JAR,Austria,0
973,Ambjek Air Services,,JEE,Nigeria,0
974,Avfinity,,UTX,United States,0
975,Alexandair,,JMR,Canada,0
976,Air Jamaica Express,,JMX,Jamaica,0
9764,Zest Air,Z2,,Philippines,1
977,Air Swift Aviation,,JOA,Australia,0
978,Aerojobeni,,JOB,Mexico,0
9784,Yangon Airways,HK,,Burma,1
979,Atyrau Air Ways,IP,JOL,Kazakhstan,0
9793,Transport Aérien Transrégional,IJ,,France,0
9798,LÍO Flugmennt,,LIO,Iceland,0
98,Aeroexpreso Interamericano,,AEI,Colombia,0
980,Aerosmith Aviation,,JPR,United States,0
9808,Minerva Airlines,N4,,Italy,0
9809,Eastar Jet,ZE,ESR,South Korea,1
981,Arrendamiento de Aviones Jets,,JTS,Mexico,0
9810,Jin Air,LJ,JNA,South Korea,1
9811,Wataniya Airways,,KW1,Kuwait,1
9814,Aéris (Priv),SH,,France,0
9818,Air Arabia Maroc,3O,,Morocco,1
982,Aero Juarez,,JUA,Mexico,0
9825,Baltic Air lines,B1,BA1,Latvia,1
9828,Ciel Canadien,YC,YCC,Canada,1
9829,Canadian National Airways,CN,YCP,Canada,1
983,Air Canada Jazz,QK,JZA,Canada,1
9833,Epic Holiday,FA,4AA,United States,1
9838,Indochina Airlines,,AXC,Vietnam,1
984,Asia Aero Survey and Consulting Engineers,,KAA,Republic of Korea,0
9840,JetWind,,JWW,United States,0
985,Air Kirovograd,,KAD,Ukraine,0
9851,Air Comet Chile,3I,,Chile,1
9853,Nazca,-.,,Peru,0
9859,German Air Force - FLB,,FLB,Germany,1
986,Air Mach,,KAM,Italy,0
987,Air Kufra,,KAV,Libya,0
988,Arkhabay,,KEK,Kazakhstan,0
989,Aero Charter Krifka,,KFK,Austria,0
99,Air Express,,AEJ,Tanzania,0
990,Air Kraft Mir,,KFT,Uzbekistan,0
991,Air Concorde,,KGD,Bulgaria,0
992,Alexandria Airlines,,KHH,Egypt,0
993,Afit,,KIE,Germany,0
994,Air South,,KKB,United States,0
995,Atlasjet,KK,KKK,Turkey,1
996,Air Mali International,,KLB,Mali,0
997,Aerokaluz,,KLZ,Mexico,0
998,Air Koryo,JS,KOR,Democratic People's Republic of Korea,1
999,Araiavia,,KOY,Kazakhstan,0
